Data was downloaded on July 1 2026 2:00 pm,,,,,,,,,,,,,,,,,,,,,,,,,,,,,,,,,,,,,,,,,,,,,,,,,,,,,,
The data contains the remarks code. ,,,,,,,,,,,,,,,,,,,,,,,,,,,,,,,,,,,,,,,,,,,,,,,,,,,,,,
For Help with the remarks code, please check http://www.cormp.org/CFP/CFPremarks.php,,,,,,,,,,,,,,,,,,,,,,,,,,,,,,,,,,,,,,,,,,,,,,,,,,,,,
,,,,,,,,,,,,,,,,,,,,,,,,,,,,,,,,,,,,,,,,,,,,,,,,,,,,,,
Station Info:,,,,,,,,,,,,,,,,,,,,,,,,,,,,,,,,,,,,,,,,,,,,,,,,,,,,,,
Station,HUC,Latitude,Longitude,Location,County,Comment,Stream Class,Sub Basin,Active,,,,,,,,,,,,,,,,,,,,,,,,,,,,,,,,,,,,,,,,,,,,,
B9980000/LCFRP_SPD,3030005,33.9173,-78.0379,"Intracoastal Waterway nr Southport",Brunswick,1000 ft W. Southport discharge,SA HQW,CPF17,no,,,,,,,,,,,,,,,,,,,,,,,,,,,,,,,,,,,,,,,,,,,,,
,,,,,,,,,,,,,,,,,,,,,,,,,,,,,,,,,,,,,,,,,,,,,,,,,,,,,,
Query Results: ,,,,,,,,,,,,,,,,,,,,,,,,,,,,,,,,,,,,,,,,,,,,,,,,,,,,,,
"Stations:B9980000	 Time Period: 1996-01-01-2026-06-30",,,,,,,,,,,,,,,,,,,,,,,,,,,,,,,,,,,,,,,,,,,,,,,,,,,,,,
station,date,time,quality control,depth(m),Temperature(C),Temperature_rmk,pH(su),pH_rmk,Dissolved Oxygen(mg/L),Dissolved Oxygen_rmk,Conductivity(umhos/cm),Conductivity_rmk,Fecal Coliform(col/100ml),Fecal Coliform_rmk,Enterococcus(col/100ml),Enterococcus_rmk,Turbidity(NTU),Turbidity_rmk,Suspended Residue(mg/L),Suspended Residue_rmk,Chlorophyll-a(ug/L),Chlorophyll-a_rmk,NH3-N(mg/L),NH3-N_rmk,TKN-N(mg/L),TKN-N_rmk,NO2-NO3(mg/L),NO2-NO3_rmk,Phosphorus(mg/L),Phosphorus_rmk,Cadmium(ug/L),Cadmium_rmk,Chromium(ug/L),Chromium_rmk,Copper(ug/L),Copper_rmk,Nickel(ug/L),Nickel_rmk,Lead(ug/L),Lead_rmk,Zinc(ug/L),Zinc_rmk,Aluminum(ug/L),Aluminum_rmk,Iron(ug/L),Iron_rmk,Manganese(ug/L),Manganese_rmk,Mercury(ug/L),Mercury_rmk,Arsenic(ug/L),Arsenic_rmk,Hardness(mg/L),Hardness_rmk
B9980000,3/10/98,0:00:00,Yes,2,14.1,,7.7,,8.9,,28200,,0,,0,\N,0,,0,,0,,0,,0,,0,,0,,0,,0,,0,,0,,0,,0,,0,,0,,0,,0,,0,,0,
B9980000,3/10/98,0:00:00,Yes,4,14.1,,7.7,,8.9,,28300,,0,,0,\N,0,,0,,0,,0,,0,,0,,0,,0,,0,,0,,0,,0,,0,,0,,0,,0,,0,,0,,0,
B9980000,3/10/98,0:00:00,Yes,0.1,14,,7.7,,8.8,,27300,,30,,0,\N,0,,0,,0,,0,,0.48,,0.08,,0.05,,0,,0,,0,,0,,0,,0,,0,,0,,0,,0,,0,,0,
B9980000,4/7/98,0:00:00,Yes,0.1,17.2,,7.5,,7.6,,22300,,8,,0,\N,0,,0,,0,,0,,0.48,,0.18,,0.04,,0,,0,,0,,0,,0,,0,,0,,0,,0,,0,,0,,0,
B9980000,4/7/98,0:00:00,Yes,2,17.1,,7.5,,7.5,,22800,,0,,0,\N,0,,0,,0,,0,,0,,0,,0,,0,,0,,0,,0,,0,,0,,0,,0,,0,,0,,0,,0,
B9980000,4/7/98,0:00:00,Yes,4,17,,7.5,,7.5,,22900,,0,,0,\N,0,,0,,0,,0,,0,,0,,0,,0,,0,,0,,0,,0,,0,,0,,0,,0,,0,,0,,0,
B9980000,5/5/98,0:00:00,Yes,0.1,23.3,,7.7,,7.3,,34700,,12,,0,\N,0,,29,,0,,0,,0.59,,0.14,,0.09,,0,,0,,0,,0,,0,,0,,0,,0,,0,,0,,0,,0,
B9980000,5/5/98,0:00:00,Yes,2,22.2,,7.7,,6.7,,36500,,0,,0,\N,0,,0,,0,,0,,0,,0,,0,,0,,0,,0,,0,,0,,0,,0,,0,,0,,0,,0,,0,
B9980000,5/5/98,0:00:00,Yes,4,22,,7.7,,6.6,,37000,,0,,0,\N,0,,0,,0,,0,,0,,0,,0,,0,,0,,0,,0,,0,,0,,0,,0,,0,,0,,0,,0,
B9980000,6/9/98,0:00:00,Yes,4,26,,7.7,,6.9,,43100,,0,,0,\N,0,,0,,0,,0,,0,,0,,0,,0,,0,,0,,0,,0,,0,,0,,0,,0,,0,,0,,0,
B9980000,6/9/98,0:00:00,Yes,0.1,26.1,,7.7,,7.2,,43000,,27,,0,\N,0,,33,,0,,0.01,K,0.6,,0.01,K,0.05,,0,,0,,0,,0,,0,,0,,0,,0,,0,,0,,0,,0,
B9980000,6/9/98,0:00:00,Yes,2,26.1,,7.7,,7,,43000,,0,,0,\N,0,,0,,0,,0,,0,,0,,0,,0,,0,,0,,0,,0,,0,,0,,0,,0,,0,,0,,0,
B9980000,6/23/98,0:00:00,Yes,4.5,28.4,,7.9,,6.7,,46000,,0,,0,\N,0,,0,,0,,0,,0,,0,,0,,0,,0,,0,,0,,0,,0,,0,,0,,0,,0,,0,,0,
B9980000,6/23/98,0:00:00,Yes,0.1,28.4,,7.9,,7.1,,45900,,0,,0,\N,0,,0,,0,,0,,0,,0,,0,,0,,0,,0,,0,,0,,0,,0,,0,,0,,0,,0,,0,
B9980000,6/23/98,0:00:00,Yes,2,28.4,,7.9,,6.6,,46000,,0,,0,\N,0,,0,,0,,0,,0,,0,,0,,0,,0,,0,,0,,0,,0,,0,,0,,0,,0,,0,,0,
B9980000,7/7/98,0:00:00,Yes,0.1,28.5,,7.6,,5.3,,40800,,111,,0,\N,0,,18,,0,,0.06,,0.43,,0.03,,0.04,,0,,0,,0,,0,,0,,0,,0,,0,,0,,0,,0,,0,
B9980000,7/7/98,0:00:00,Yes,2,28.3,,7.6,,4.9,,41100,,0,,0,\N,0,,0,,0,,0,,0,,0,,0,,0,,0,,0,,0,,0,,0,,0,,0,,0,,0,,0,,0,
B9980000,7/7/98,0:00:00,Yes,3,28.2,,7.6,,4.7,,41100,,0,,0,\N,0,,0,,0,,0,,0,,0,,0,,0,,0,,0,,0,,0,,0,,0,,0,,0,,0,,0,,0,
B9980000,7/21/98,0:00:00,Yes,0.1,28.8,,7.8,,5.7,,49387,,0,,0,\N,0,,0,,0,,0,,0,,0,,0,,0,,0,,0,,0,,0,,0,,0,,0,,0,,0,,0,,0,
B9980000,7/21/98,0:00:00,Yes,2,28.8,,7.9,,5.5,,49400,,0,,0,\N,0,,0,,0,,0,,0,,0,,0,,0,,0,,0,,0,,0,,0,,0,,0,,0,,0,,0,,0,
B9980000,7/21/98,0:00:00,Yes,4,28.8,,7.9,,5.6,,49410,,0,,0,\N,0,,0,,0,,0,,0,,0,,0,,0,,0,,0,,0,,0,,0,,0,,0,,0,,0,,0,,0,
B9980000,8/6/98,0:00:00,Yes,0.1,25.8,,7.6,,6.1,,47420,,6,,0,\N,0,,28,,0,,0.05,,0.4,,0.08,,0.07,,0,,0,,0,,0,,0,,0,,0,,0,,0,,0,,0,,0,
B9980000,8/6/98,0:00:00,Yes,2,25.8,,7.7,,6,,47400,,0,,0,\N,0,,0,,0,,0,,0,,0,,0,,0,,0,,0,,0,,0,,0,,0,,0,,0,,0,,0,,0,
B9980000,8/6/98,0:00:00,Yes,4,25.8,,7.7,,6.1,,47400,,0,,0,\N,0,,0,,0,,0,,0,,0,,0,,0,,0,,0,,0,,0,,0,,0,,0,,0,,0,,0,,0,
B9980000,8/18/98,0:00:00,Yes,2.5,29.5,,7.9,,0,,46514,,0,,0,\N,0,,0,,0,,0,,0,,0,,0,,0,,0,,0,,0,,0,,0,,0,,0,,0,,0,,0,,0,
B9980000,8/18/98,0:00:00,Yes,5,29.5,,7.9,,0,,45573,,0,,0,\N,0,,0,,0,,0,,0,,0,,0,,0,,0,,0,,0,,0,,0,,0,,0,,0,,0,,0,,0,
B9980000,8/18/98,0:00:00,Yes,0.1,29.5,,7.9,,0,,45200,,0,,0,\N,0,,0,,0,,0,,0,,0,,0,,0,,0,,0,,0,,0,,0,,0,,0,,0,,0,,0,,0,
B9980000,9/1/98,0:00:00,Yes,2,27.6,,7.1,,4.3,,24080,,0,,0,\N,0,,0,,0,,0,,0,,0,,0,,0,,0,,0,,0,,0,,0,,0,,0,,0,,0,,0,,0,
B9980000,9/1/98,0:00:00,Yes,4,27.7,,7.7,,4.6,,43930,,0,,0,\N,0,,0,,0,,0,,0,,0,,0,,0,,0,,0,,0,,0,,0,,0,,0,,0,,0,,0,,0,
B9980000,9/1/98,0:00:00,Yes,0.1,27.8,,7,,4.3,,21580,,55,,0,\N,0,,5,,0,,0.15,,0.66,,0.04,,0.06,,0,,0,,0,,0,,0,,0,,0,,0,,0,,0,,0,,0,
B9980000,9/15/98,0:00:00,Yes,0.1,26.6,,7.2,,4.4,,32700,,0,,0,\N,0,,0,,0,,0,,0,,0,,0,,0,,0,,0,,0,,0,,0,,0,,0,,0,,0,,0,,0,
B9980000,9/15/98,0:00:00,Yes,2,27,,7.4,,4.7,,33520,,0,,0,\N,0,,0,,0,,0,,0,,0,,0,,0,,0,,0,,0,,0,,0,,0,,0,,0,,0,,0,,0,
B9980000,9/15/98,0:00:00,Yes,4,26.9,,7.4,,4.6,,33660,,0,,0,\N,0,,0,,0,,0,,0,,0,,0,,0,,0,,0,,0,,0,,0,,0,,0,,0,,0,,0,,0,
B9980000,10/6/98,0:00:00,Yes,0.1,25,,7.5,,5.3,,48680,,7,,0,\N,0,,28,,0,,0.03,,0.38,,0.05,,0.05,,0,,0,,0,,0,,0,,0,,0,,0,,0,,0,,0,,0,
B9980000,10/6/98,0:00:00,Yes,2.5,25,,7.7,,6,,48700,,0,,0,\N,0,,0,,0,,0,,0,,0,,0,,0,,0,,0,,0,,0,,0,,0,,0,,0,,0,,0,,0,
B9980000,10/6/98,0:00:00,Yes,5,25,,7.6,,5.9,,48800,,0,,0,\N,0,,0,,0,,0,,0,,0,,0,,0,,0,,0,,0,,0,,0,,0,,0,,0,,0,,0,,0,
B9980000,11/3/98,0:00:00,Yes,4,20.7,,7.8,,6.9,,49900,,0,,0,\N,0,,0,,0,,0,,0,,0,,0,,0,,0,,0,,0,,0,,0,,0,,0,,0,,0,,0,,0,
B9980000,11/3/98,0:00:00,Yes,0.1,20.7,,7.8,,7,,50000,,6,,0,\N,0,,38,,0,,0.01,K,0.37,,0.05,,0.04,,0,,0,,0,,0,,0,,0,,0,,0,,0,,0,,0,,0,
B9980000,11/3/98,0:00:00,Yes,2,20.7,,7.8,,6.9,,49900,,0,,0,\N,0,,0,,0,,0,,0,,0,,0,,0,,0,,0,,0,,0,,0,,0,,0,,0,,0,,0,,0,
B9980000,12/3/98,0:00:00,Yes,4.5,17.5,,7.9,,7.3,,47405,,0,,0,\N,0,,0,,0,,0,,0,,0,,0,,0,,0,,0,,0,,0,,0,,0,,0,,0,,0,,0,,0,
B9980000,12/3/98,0:00:00,Yes,0.1,17.5,,7.9,,7.2,,47542,,5,J,0,\N,6.4,,19,,0,,0.03,,0.35,,0.08,,0.04,,0,,0,,0,,0,,0,,0,,0,,0,,0,,0,,0,,0,
B9980000,12/3/98,0:00:00,Yes,2,17.5,,7.9,,7.4,,47425,,0,,0,\N,0,,0,,0,,0,,0,,0,,0,,0,,0,,0,,0,,0,,0,,0,,0,,0,,0,,0,,0,
B9980000,1/7/99,0:20:00,Yes,0.1,9,,8.1,,10.7,,33920,,2,K,0,\N,0,,7,,0,,0.08,,0.46,,0.19,,0.04,,0,,0,,0,,0,,0,,0,,0,,0,,0,,0,,0,,0,
B9980000,1/7/99,0:20:00,Yes,2,9,,8,,10.9,,38120,,0,,0,\N,0,,0,,0,,0,,0,,0,,0,,0,,0,,0,,0,,0,,0,,0,,0,,0,,0,,0,,0,
B9980000,1/7/99,0:20:00,Yes,4.5,9.1,,8.1,,10.8,,40430,,0,,0,\N,0,,0,,0,,0,,0,,0,,0,,0,,0,,0,,0,,0,,0,,0,,0,,0,,0,,0,,0,
B9980000,2/4/99,10:43:00,Yes,0.1,12.9,,7.3,,9,,26827,,8,,0,\N,0,,6,,0,,0.04,,0.44,,0.21,,0.06,,0,,0,,0,,0,,0,,0,,0,,0,,0,,0,,0,,0,
B9980000,2/4/99,10:43:00,Yes,2,12.8,,7.6,,8.8,,30432,,0,,0,\N,0,,0,,0,,0,,0,,0,,0,,0,,0,,0,,0,,0,,0,,0,,0,,0,,0,,0,,0,
B9980000,2/4/99,10:43:00,Yes,4.5,12.7,,7,,8.8,,34604,,0,,0,\N,0,,0,,0,,0,,0,,0,,0,,0,,0,,0,,0,,0,,0,,0,,0,,0,,0,,0,,0,
B9980000,3/2/99,10:41:00,Yes,0.1,11.8,,7.3,,9.2,,38900,,2,K,0,\N,0,,16,,0,,0.04,,0.4,,0.11,,0.05,,0,,0,,0,,0,,0,,0,,0,,0,,0,,0,,0,,0,
B9980000,3/2/99,10:41:00,Yes,2.5,11.8,,7.2,,9.2,,38900,,0,,0,\N,0,,0,,0,,0,,0,,0,,0,,0,,0,,0,,0,,0,,0,,0,,0,,0,,0,,0,,0,
B9980000,3/2/99,10:41:00,Yes,5,11.8,,7,,9.2,,38900,,0,,0,\N,0,,0,,0,,0,,0,,0,,0,,0,,0,,0,,0,,0,,0,,0,,0,,0,,0,,0,,0,
B9980000,4/13/99,10:49:00,Yes,0.1,18.6,,6.9,,10.7,,40279,,24,,0,\N,0,,19,,0,,0.02,,0.25,,0.06,,0.03,,0,,0,,0,,0,,0,,0,,0,,0,,0,,0,,0,,0,
B9980000,4/13/99,10:49:00,Yes,3.8,18.6,,7.6,,7,,41053,,0,,0,\N,0,,0,,0,,0,,0,,0,,0,,0,,0,,0,,0,,0,,0,,0,,0,,0,,0,,0,,0,
B9980000,4/13/99,10:49:00,Yes,2,18.6,,7.6,,6.9,,40934,,0,,0,\N,0,,0,,0,,0,,0,,0,,0,,0,,0,,0,,0,,0,,0,,0,,0,,0,,0,,0,,0,
B9980000,5/11/99,10:30:00,Yes,0.1,22.4,,5.7,,5.9,,25652,,15,,0,\N,0,,14,,0,,0.09,,0.64,,0.1,,0.04,,0,,0,,0,,0,,0,,0,,0,,0,,0,,0,,0,,0,
B9980000,5/11/99,10:30:00,Yes,1.5,22.3,,6.6,,5.7,,25660,,0,,0,\N,0,,0,,0,,0,,0,,0,,0,,0,,0,,0,,0,,0,,0,,0,,0,,0,,0,,0,,0,
B9980000,5/11/99,10:30:00,Yes,3.5,22.3,,6.2,,5.8,,25827,,0,,0,\N,0,,0,,0,,0,,0,,0,,0,,0,,0,,0,,0,,0,,0,,0,,0,,0,,0,,0,,0,
B9980000,6/8/99,0:24:00,Yes,0.1,26.9,,7.6,,7.2,,45668,,5,,0,\N,0,,22,,0,,0.01,K,0.31,,0.01,K,0.04,,0,,0,,0,,0,,0,,0,,0,,0,,0,,0,,0,,0,
B9980000,6/8/99,0:24:00,Yes,1.5,26.9,,7.6,,6.7,,46158,,0,,0,\N,0,,0,,0,,0,,0,,0,,0,,0,,0,,0,,0,,0,,0,,0,,0,,0,,0,,0,,0,
B9980000,6/8/99,0:24:00,Yes,2.8,26.9,,7.5,,6.7,,46576,,0,,0,\N,0,,0,,0,,0,,0,,0,,0,,0,,0,,0,,0,,0,,0,,0,,0,,0,,0,,0,,0,
B9980000,7/15/99,11:14:00,Yes,0.1,27.7,,7.6,,5.9,,45430,,6,,0,\N,0,,14,,0,,0.03,,0.34,,0.05,,0.02,,0,,0,,0,,0,,0,,0,,0,,0,,0,,0,,0,,0,
B9980000,7/15/99,11:14:00,Yes,2.5,27.5,,7.7,,5.8,,46426,,0,,0,\N,0,,0,,0,,0,,0,,0,,0,,0,,0,,0,,0,,0,,0,,0,,0,,0,,0,,0,,0,
B9980000,7/15/99,11:14:00,Yes,5,27.4,,7.7,,5.8,,47028,,0,,0,\N,0,,0,,0,,0,,0,,0,,0,,0,,0,,0,,0,,0,,0,,0,,0,,0,,0,,0,,0,
B9980000,8/12/99,10:47:00,Yes,2.5,29.6,,7.9,,5.8,,52257,,0,,0,\N,0,,0,,0,,0,,0,,0,,0,,0,,0,,0,,0,,0,,0,,0,,0,,0,,0,,0,,0,
B9980000,8/12/99,10:47:00,Yes,4.7,29.6,,7.9,,5.7,,52378,,0,,0,\N,0,,0,,0,,0,,0,,0,,0,,0,,0,,0,,0,,0,,0,,0,,0,,0,,0,,0,,0,
B9980000,8/12/99,10:47:00,Yes,0.1,29.7,,7.9,,6.2,,52070,,2,K,0,\N,0,,15,,0,,0.01,K,0.22,,0.01,,0.04,,0,,0,,0,,0,,0,,0,,0,,0,,0,,0,,0,,0,
B9980000,9/9/99,0:06:00,Yes,1.7,26.4,,6.7,,4.9,,39078,,0,,0,\N,0,,0,,0,,0,,0,,0,,0,,0,,0,,0,,0,,0,,0,,0,,0,,0,,0,,0,,0,
B9980000,9/9/99,0:06:00,Yes,3.7,26.4,,6.4,,4.9,,38955,,0,,0,\N,0,,0,,0,,0,,0,,0,,0,,0,,0,,0,,0,,0,,0,,0,,0,,0,,0,,0,,0,
B9980000,9/9/99,0:06:00,Yes,0.1,26.4,,6.9,,4.8,,39105,,3,,0,\N,0,,26,,0,,0.12,,0.64,,0.06,,0.05,,0,,0,,0,,0,,0,,0,,0,,0,,0,,0,,0,,0,
B9980000,10/5/99,11:21:00,Yes,0.1,23.4,,6,,4.2,,14672,,23,,0,\N,0,,4,,0,,0.14,,0.47,,0.03,,0.08,,0,,0,,0,,0,,0,,0,,0,,0,,0,,0,,0,,0,
B9980000,10/5/99,11:21:00,Yes,1.9,23.4,,6.2,,4,,15420,,0,,0,\N,0,,0,,0,,0,,0,,0,,0,,0,,0,,0,,0,,0,,0,,0,,0,,0,,0,,0,,0,
B9980000,10/5/99,11:21:00,Yes,3.8,23.4,,6.1,,4.1,,15315,,0,,0,\N,0,,0,,0,,0,,0,,0,,0,,0,,0,,0,,0,,0,,0,,0,,0,,0,,0,,0,,0,
B9980000,11/4/99,10:20:00,Yes,0.1,16.7,,6.8,,7.2,,28888,,46,,0,\N,0,,24,,0,,0.07,,0.62,,0.08,,0.07,,0,,0,,0,,0,,0,,0,,0,,0,,0,,0,,0,,0,
B9980000,11/4/99,10:20:00,Yes,1.6,16.7,,6.7,,7.3,,28980,,0,,0,\N,0,,0,,0,,0,,0,,0,,0,,0,,0,,0,,0,,0,,0,,0,,0,,0,,0,,0,,0,
B9980000,11/4/99,10:20:00,Yes,3.3,16.6,,6.5,,8,,29071,,0,,0,\N,0,,0,,0,,0,,0,,0,,0,,0,,0,,0,,0,,0,,0,,0,,0,,0,,0,,0,,0,
B9980000,12/7/99,10:50:00,Yes,0.1,13.8,,6.9,,8.2,,41244,,13,,0,\N,0,,19,,0,,0.03,,0.44,,0.11,,0.04,,0,,0,,0,,0,,0,,0,,0,,0,,0,,0,,0,,0,
B9980000,12/7/99,10:50:00,Yes,1.7,13.8,,7.2,,8.2,,41410,,0,,0,\N,0,,0,,0,,0,,0,,0,,0,,0,,0,,0,,0,,0,,0,,0,,0,,0,,0,,0,,0,
B9980000,12/7/99,10:50:00,Yes,3.6,13.9,,7.1,,8.1,,41856,,0,,0,\N,0,,0,,0,,0,,0,,0,,0,,0,,0,,0,,0,,0,,0,,0,,0,,0,,0,,0,,0,
B9980000,1/4/00,10:55:00,Yes,0.1,13.4,,6.9,,9.3,,41337,,5,,0,\N,0,,16,,0,,0.01,K,0.34,,0.07,,0.03,,0,,0,,0,,0,,0,,0,,0,,0,,0,,0,,0,,0,
B9980000,1/4/00,10:55:00,Yes,3.8,13.2,,7.1,,9.1,,42242,,0,,0,\N,0,,0,,0,,0,,0,,0,,0,,0,,0,,0,,0,,0,,0,,0,,0,,0,,0,,0,,0,
B9980000,1/4/00,10:55:00,Yes,1.9,13.3,,7.3,,9.1,,42088,,0,,0,\N,0,,0,,0,,0,,0,,0,,0,,0,,0,,0,,0,,0,,0,,0,,0,,0,,0,,0,,0,
B9980000,2/8/00,11:25:00,Yes,0.1,7.3,,8,,10.6,,14580,,22,,0,\N,0,,11,,0,,0.08,,0.44,,0.46,,0.05,,0,,0,,0,,0,,0,,0,,0,,0,,0,,0,,0,,0,
B9980000,2/8/00,11:25:00,Yes,2.4,7.2,,8.2,,9.9,,19840,,0,,0,\N,0,,0,,0,,0,,0,,0,,0,,0,,0,,0,,0,,0,,0,,0,,0,,0,,0,,0,,0,
B9980000,2/8/00,11:25:00,Yes,3.8,7.5,,8.3,,10.1,,22040,,0,,0,\N,0,,0,,0,,0,,0,,0,,0,,0,,0,,0,,0,,0,,0,,0,,0,,0,,0,,0,,0,
B9980000,3/7/00,10:50:00,Yes,0.1,13.7,,8,,8.9,,33711,,4,,0,\N,0,,8,,0,,0.02,,0.23,,0.2,,0.04,,0,,0,,0,,0,,0,,0,,0,,0,,0,,0,,0,,0,
B9980000,3/7/00,10:50:00,Yes,2,13.8,,8,,8.9,,33831,,0,,0,\N,0,,0,,0,,0,,0,,0,,0,,0,,0,,0,,0,,0,,0,,0,,0,,0,,0,,0,,0,
B9980000,3/7/00,10:50:00,Yes,4,13.8,,8,,8.7,,34806,,0,,0,\N,0,,0,,0,,0,,0,,0,,0,,0,,0,,0,,0,,0,,0,,0,,0,,0,,0,,0,,0,
B9980000,4/3/00,11:00:00,Yes,0.1,18.1,,7.5,,7.6,,32690,,10,,0,\N,0,,16,,0,,0.08,,0.38,,0.09,,0.05,,0,,0,,0,,0,,0,,0,,0,,0,,0,,0,,0,,0,
B9980000,4/3/00,11:00:00,Yes,2,18.1,,7.6,,7.5,,32960,,0,,0,\N,0,,0,,0,,0,,0,,0,,0,,0,,0,,0,,0,,0,,0,,0,,0,,0,,0,,0,,0,
B9980000,4/3/00,11:00:00,Yes,4,18.1,,7.6,,7.7,,33190,,0,,0,\N,0,,0,,0,,0,,0,,0,,0,,0,,0,,0,,0,,0,,0,,0,,0,,0,,0,,0,,0,
B9980000,5/4/00,10:25:00,Yes,2,20.6,,7.7,,7.3,,34039,,0,,0,\N,0,,0,,0,,0,,0,,0,,0,,0,,0,,0,,0,,0,,0,,0,,0,,0,,0,,0,,0,
B9980000,5/4/00,10:25:00,Yes,4,20.3,,7.6,,7.2,,36516,,0,,0,\N,0,,0,,0,,0,,0,,0,,0,,0,,0,,0,,0,,0,,0,,0,,0,,0,,0,,0,,0,
B9980000,5/4/00,10:25:00,Yes,0.1,20.7,,7.6,,7.5,,33577,,5,,0,\N,0,,11,,0,,0.04,,0.16,,0.18,,0.04,,0,,0,,0,,0,,0,,0,,0,,0,,0,,0,,0,,0,
B9980000,6/15/00,0:45:00,Yes,1.7,29.1,,7.7,,6.4,,51062,,0,,0,\N,0,,0,,0,,0,,0,,0,,0,,0,,0,,0,,0,,0,,0,,0,,0,,0,,0,,0,,0,
B9980000,6/15/00,0:45:00,Yes,3.5,29,,7.7,,6.4,,51070,,0,,0,\N,0,,0,,0,,0,,0,,0,,0,,0,,0,,0,,0,,0,,0,,0,,0,,0,,0,,0,,0,
B9980000,6/15/00,0:45:00,Yes,0.1,29.1,,7.7,,6.6,,51022,,3,,0,\N,0,,62,,0,,0.01,,0.28,,0.01,K,0.02,,0,,0,,0,,0,,0,,0,,0,,0,,0,,0,,0,,0,
B9980000,7/13/00,10:30:00,Yes,0.1,27.4,,7.3,,5.8,,49993,,4,,0,\N,0,,23,,0,,0.01,,0.41,,0.01,K,0.04,,0,,0,,0,,0,,0,,0,,0,,0,,0,,0,,0,,0,
B9980000,7/13/00,10:30:00,Yes,2,27.5,,7.6,,5.5,,50417,,0,,0,\N,0,,0,,0,,0,,0,,0,,0,,0,,0,,0,,0,,0,,0,,0,,0,,0,,0,,0,,0,
B9980000,7/13/00,10:30:00,Yes,4,27.5,,7.5,,5.4,,50426,,0,,0,\N,0,,0,,0,,0,,0,,0,,0,,0,,0,,0,,0,,0,,0,,0,,0,,0,,0,,0,,0,
B9980000,8/10/00,10:15:00,Yes,0.1,29.8,,7.6,,4.5,,30666,,6,,0,\N,0,,3,,0,,0.1,,0.5,,0.03,,0.05,,0,,0,,0,,0,,0,,0,,0,,0,,0,,0,,0,,0,
B9980000,8/10/00,10:15:00,Yes,2,29.7,,7.8,,4.7,,32827,,0,,0,\N,0,,0,,0,,0,,0,,0,,0,,0,,0,,0,,0,,0,,0,,0,,0,,0,,0,,0,,0,
B9980000,8/10/00,10:15:00,Yes,4.1,29.2,,7.9,,5.8,,46859,,0,,0,\N,0,,0,,0,,0,,0,,0,,0,,0,,0,,0,,0,,0,,0,,0,,0,,0,,0,,0,,0,
B9980000,9/5/00,10:15:00,Yes,0.1,27.6,,7.5,,5.2,,40082,,2,,0,\N,0,,7,,0,,0.17,,0.4,,0.04,,0.06,,0,,0,,0,,0,,0,,0,,0,,0,,0,,0,,0,,0,
B9980000,9/5/00,10:15:00,Yes,2.3,28.1,,7.5,,4.7,,41966,,0,,0,\N,0,,0,,0,,0,,0,,0,,0,,0,,0,,0,,0,,0,,0,,0,,0,,0,,0,,0,,0,
B9980000,9/5/00,10:15:00,Yes,4.6,28.1,,7.3,,4.6,,42026,,0,,0,\N,0,,0,,0,,0,,0,,0,,0,,0,,0,,0,,0,,0,,0,,0,,0,,0,,0,,0,,0,
B9980000,10/12/00,11:00:00,Yes,0.1,17.8,,7.9,,7.1,,39633,,2,K,0,\N,0,,15,,0,,0.08,,0.49,,0.06,,0.05,,0,,0,,0,,0,,0,,0,,0,,0,,0,,0,,0,,0,
B9980000,10/12/00,11:00:00,Yes,4.3,17.8,,8,,7.4,,39649,,0,,0,\N,0,,0,,0,,0,,0,,0,,0,,0,,0,,0,,0,,0,,0,,0,,0,,0,,0,,0,,0,
B9980000,10/12/00,11:00:00,Yes,2.1,17.8,,8,,7,,39658,,0,,0,\N,0,,0,,0,,0,,0,,0,,0,,0,,0,,0,,0,,0,,0,,0,,0,,0,,0,,0,,0,
B9980000,11/7/00,10:20:00,Yes,0.1,17.5,,7.4,,6.7,,48750,,5,,0,\N,0,,11,,0,,0.01,K,0.45,,0.01,K,0.03,,0,,0,,0,,0,,0,,0,,0,,0,,0,,0,,0,,0,
B9980000,11/7/00,10:20:00,Yes,2,17.4,,7.4,,6.7,,48935,,0,,0,\N,0,,0,,0,,0,,0,,0,,0,,0,,0,,0,,0,,0,,0,,0,,0,,0,,0,,0,,0,
B9980000,11/7/00,10:20:00,Yes,4,17.4,,7.5,,6.7,,48930,,0,,0,\N,0,,0,,0,,0,,0,,0,,0,,0,,0,,0,,0,,0,,0,,0,,0,,0,,0,,0,,0,
B9980000,12/7/00,10:00:00,Yes,0.1,8.5,,7.9,,9,,42527,,2,,0,\N,0,,10,,0,,0.04,,0.42,,0.06,,0.05,,0,,0,,0,,0,,0,,0,,0,,0,,0,,0,,0,,0,
B9980000,12/7/00,10:00:00,Yes,1.5,8.4,,7.9,,8.9,,42823,,0,,0,\N,0,,0,,0,,0,,0,,0,,0,,0,,0,,0,,0,,0,,0,,0,,0,,0,,0,,0,,0,
B9980000,12/7/00,10:00:00,Yes,3,8.4,,7.9,,8.9,,42796,,0,,0,\N,0,,0,,0,,0,,0,,0,,0,,0,,0,,0,,0,,0,,0,,0,,0,,0,,0,,0,,0,
B9980000,1/11/01,11:05:00,Yes,0.1,6.2,,8.2,,9.9,,46967,,2,K,0,\N,0,,42,,0,,0.02,,0.3,,0.01,K,0.05,,0,,0,,0,,0,,0,,0,,0,,0,,0,,0,,0,,0,
B9980000,1/11/01,11:05:00,Yes,2.2,6.2,,8.2,,9.9,,47022,,0,,0,\N,0,,0,,0,,0,,0,,0,,0,,0,,0,,0,,0,,0,,0,,0,,0,,0,,0,,0,,0,
B9980000,1/11/01,11:05:00,Yes,4.4,6.2,,8.2,,9.9,,47077,,0,,0,\N,0,,0,,0,,0,,0,,0,,0,,0,,0,,0,,0,,0,,0,,0,,0,,0,,0,,0,,0,
B9980000,2/6/01,11:05:00,Yes,1.9,9.2,,8.2,,9.5,,45950,,0,,0,\N,0,,0,,0,,0,,0,,0,,0,,0,,0,,0,,0,,0,,0,,0,,0,,0,,0,,0,,0,
B9980000,2/6/01,11:05:00,Yes,3.7,9.2,,8.2,,9.5,,45988,,0,,0,\N,0,,0,,0,,0,,0,,0,,0,,0,,0,,0,,0,,0,,0,,0,,0,,0,,0,,0,,0,
B9980000,2/6/01,11:05:00,Yes,0.1,9.3,,8.2,,9.6,,45538,,2,,0,\N,0,,41,,0,,0.01,K,0.35,,0.01,K,0.03,,0,,0,,0,,0,,0,,0,,0,,0,,0,,0,,0,,0,
B9980000,3/8/01,10:00:00,Yes,2.3,10.1,,7.8,,8.9,,37833,,0,,0,\N,0,,0,,0,,0,,0,,0,,0,,0,,0,,0,,0,,0,,0,,0,,0,,0,,0,,0,,0,
B9980000,3/8/01,10:00:00,Yes,4.6,10.1,,7.7,,9.2,,37832,,0,,0,\N,0,,0,,0,,0,,0,,0,,0,,0,,0,,0,,0,,0,,0,,0,,0,,0,,0,,0,,0,
B9980000,3/8/01,10:00:00,Yes,0.1,10.1,,7.9,,8.9,,37820,,6,,0,\N,0,,32,,0,,0.02,,0.48,,0.01,K,0.06,,0,,0,,0,,0,,0,,0,,0,,0,,0,,0,,0,,0,
B9980000,4/3/01,11:05:00,Yes,0.1,14.9,,7.3,,8.3,,25003,,6,,0,\N,0,,8,,0,,0.03,,0.36,,0.15,,0.05,,0,,0,,0,,0,,0,,0,,0,,0,,0,,0,,0,,0,
B9980000,4/3/01,11:05:00,Yes,1.9,14.9,,7.5,,8.2,,25509,,0,,0,\N,0,,0,,0,,0,,0,,0,,0,,0,,0,,0,,0,,0,,0,,0,,0,,0,,0,,0,,0,
B9980000,4/3/01,11:05:00,Yes,3.8,14.9,,7.4,,8.1,,25873,,0,,0,\N,0,,0,,0,,0,,0,,0,,0,,0,,0,,0,,0,,0,,0,,0,,0,,0,,0,,0,,0,
B9980000,5/8/01,11:20:00,Yes,0.1,20,,7.9,,7.1,,48588,,1,,0,\N,0,,19,,0,,0.05,,0.31,,0.06,,0.05,,0,,0,,0,,0,,0,,0,,0,,0,,0,,0,,0,,0,
B9980000,5/8/01,11:20:00,Yes,2.2,20.2,,7.9,,7.1,,48518,,0,,0,\N,0,,0,,0,,0,,0,,0,,0,,0,,0,,0,,0,,0,,0,,0,,0,,0,,0,,0,,0,
B9980000,5/8/01,11:20:00,Yes,4.6,19.9,,7.9,,7,,48546,,0,,0,\N,0,,0,,0,,0,,0,,0,,0,,0,,0,,0,,0,,0,,0,,0,,0,,0,,0,,0,,0,
B9980000,6/5/01,10:25:00,Yes,0.1,26.7,,7.8,,6.5,,46766,,2,,0,\N,0,,21,,0,,0.04,,0.33,,0.05,,0.04,,0,,0,,0,,0,,0,,0,,0,,0,,0,,0,,0,,0,
B9980000,6/5/01,10:25:00,Yes,2.2,26.5,,7.8,,6.3,,47058,,0,,0,\N,0,,0,,0,,0,,0,,0,,0,,0,,0,,0,,0,,0,,0,,0,,0,,0,,0,,0,,0,
B9980000,6/5/01,10:25:00,Yes,4.4,26.5,,7.7,,6.2,,47108,,0,,0,\N,0,,0,,0,,0,,0,,0,,0,,0,,0,,0,,0,,0,,0,,0,,0,,0,,0,,0,,0,
B9980000,6/19/01,8:45:00,Yes,0.1,26.4,,7.9,,5.8,,33122,,0,,0,\N,0,,0,,0,,0,,0,,0,,0,,0,,0,,0,,0,,0,,0,,0,,0,,0,,0,,0,,0,
B9980000,6/19/01,8:45:00,Yes,4.3,26.5,,7.9,,5.1,,35871,,0,,0,\N,0,,0,,0,,0,,0,,0,,0,,0,,0,,0,,0,,0,,0,,0,,0,,0,,0,,0,,0,
B9980000,6/19/01,8:45:00,Yes,2.1,26.5,,7.9,,5.4,,34427,,0,,0,\N,0,,0,,0,,0,,0,,0,,0,,0,,0,,0,,0,,0,,0,,0,,0,,0,,0,,0,,0,
B9980000,7/10/01,11:55:00,Yes,0.1,29.1,,7.6,,6.2,,40018,,3,,0,\N,0,,6,,0,,0.06,,0.4,,0.12,,0.06,,0,,0,,0,,0,,0,,0,,0,,0,,0,,0,,0,,0,
B9980000,7/10/01,11:55:00,Yes,2.5,28.4,,7.9,,6,,41992,,0,,0,\N,0,,0,,0,,0,,0,,0,,0,,0,,0,,0,,0,,0,,0,,0,,0,,0,,0,,0,,0,
B9980000,7/10/01,11:55:00,Yes,5,28.3,,7.8,,5.9,,42199,,0,,0,\N,0,,0,,0,,0,,0,,0,,0,,0,,0,,0,,0,,0,,0,,0,,0,,0,,0,,0,,0,
B9980000,7/27/01,9:00:00,Yes,0.1,28.5,,7.8,,5.5,,51767,,0,,0,\N,0,,0,,0,,0,,0,,0,,0,,0,,0,,0,,0,,0,,0,,0,,0,,0,,0,,0,,0,
B9980000,7/27/01,9:00:00,Yes,1.9,28.5,,7.8,,5.5,,51816,,0,,0,\N,0,,0,,0,,0,,0,,0,,0,,0,,0,,0,,0,,0,,0,,0,,0,,0,,0,,0,,0,
B9980000,7/27/01,9:00:00,Yes,3.8,28.5,,7.8,,5.5,,51932,,0,,0,\N,0,,0,,0,,0,,0,,0,,0,,0,,0,,0,,0,,0,,0,,0,,0,,0,,0,,0,,0,
B9980000,8/7/01,0:15:00,Yes,0.1,29.8,,8,,8,,46135,,1,K,0,\N,0,,8,,0,,0.01,K,0.49,,0.01,,0.04,,0,,0,,0,,0,,0,,0,,0,,0,,0,,0,,0,,0,
B9980000,8/7/01,0:15:00,Yes,2.5,29.2,,8,,7.4,,46551,,0,,0,\N,0,,0,,0,,0,,0,,0,,0,,0,,0,,0,,0,,0,,0,,0,,0,,0,,0,,0,,0,
B9980000,8/7/01,0:15:00,Yes,4.9,28.8,,7.9,,6.9,,47318,,0,,0,\N,0,,0,,0,,0,,0,,0,,0,,0,,0,,0,,0,,0,,0,,0,,0,,0,,0,,0,,0,
B9980000,8/23/01,14:25:00,Yes,2.5,29.2,,7.8,,6.4,,44994,,0,,0,\N,0,,0,,0,,0,,0,,0,,0,,0,,0,,0,,0,,0,,0,,0,,0,,0,,0,,0,,0,
B9980000,8/23/01,14:25:00,Yes,5.1,29,,7.5,,6.5,,46125,,0,,0,\N,0,,0,,0,,0,,0,,0,,0,,0,,0,,0,,0,,0,,0,,0,,0,,0,,0,,0,,0,
B9980000,8/23/01,14:25:00,Yes,0.1,29.7,,7.9,,6.6,,43264,,0,,0,\N,0,,0,,0,,0,,0,,0,,0,,0,,0,,0,,0,,0,,0,,0,,0,,0,,0,,0,,0,
B9980000,9/4/01,10:20:00,Yes,2.6,26.5,,7.8,,5.6,,42517,,0,,0,\N,0,,0,,0,,0,,0,,0,,0,,0,,0,,0,,0,,0,,0,,0,,0,,0,,0,,0,,0,
B9980000,9/4/01,10:20:00,Yes,5.3,26.7,,7.8,,5.5,,45805,,0,,0,\N,0,,0,,0,,0,,0,,0,,0,,0,,0,,0,,0,,0,,0,,0,,0,,0,,0,,0,,0,
B9980000,9/4/01,10:20:00,Yes,0.1,26.5,,7.6,,5.7,,40719,,5,,0,\N,0,,9,,0,,0.05,,0.41,,0.1,,0.04,,0,,0,,0,,0,,0,,0,,0,,0,,0,,0,,0,,0,
B9980000,9/19/01,10:45:00,Yes,0.1,24.2,,8.1,,6.7,,51240,,0,,0,\N,0,,0,,0,,0,,0,,0,,0,,0,,0,,0,,0,,0,,0,,0,,0,,0,,0,,0,,0,
B9980000,9/19/01,10:45:00,Yes,2.6,24.3,,8.1,,6.4,,51823,,0,,0,\N,0,,0,,0,,0,,0,,0,,0,,0,,0,,0,,0,,0,,0,,0,,0,,0,,0,,0,,0,
B9980000,9/19/01,10:45:00,Yes,5.3,24.3,,8.1,,6.4,,52195,,0,,0,\N,0,,0,,0,,0,,0,,0,,0,,0,,0,,0,,0,,0,,0,,0,,0,,0,,0,,0,,0,
B9980000,10/2/01,10:20:00,Yes,0.1,20.7,,8.1,,7.4,,47965,,2,K,0,\N,0,,11,,0,,0.1,K,0.26,,0.03,,0.03,,0,,0,,0,,0,,0,,0,,0,,0,,0,,0,,0,,0,
B9980000,10/2/01,10:20:00,Yes,2.1,20.7,,8.1,,7.3,,48214,,0,,0,\N,0,,0,,0,,0,,0,,0,,0,,0,,0,,0,,0,,0,,0,,0,,0,,0,,0,,0,,0,
B9980000,10/2/01,10:20:00,Yes,5.3,20.8,,8.1,,7.2,,48746,,0,,0,\N,0,,0,,0,,0,,0,,0,,0,,0,,0,,0,,0,,0,,0,,0,,0,,0,,0,,0,,0,
B9980000,11/13/01,10:00:00,Yes,0.1,15,,7.9,,7.5,,52233,,2,,0,\N,0,,16,,0,,0.1,K,0.17,,0.08,,0.04,,0,,0,,0,,0,,0,,0,,0,,0,,0,,0,,0,,0,
B9980000,11/13/01,10:00:00,Yes,2,15.1,,7.9,,7.5,,52343,,0,,0,\N,0,,0,,0,,0,,0,,0,,0,,0,,0,,0,,0,,0,,0,,0,,0,,0,,0,,0,,0,
B9980000,11/13/01,10:00:00,Yes,4,15,,7.9,,7.5,,52313,,0,,0,\N,0,,0,,0,,0,,0,,0,,0,,0,,0,,0,,0,,0,,0,,0,,0,,0,,0,,0,,0,
B9980000,12/4/01,11:20:00,Yes,0.1,17.9,,7.9,,7.7,,52658,,3,,0,\N,0,,15,,0,,0.1,K,0.17,,0.05,,0.02,,0,,0,,0,,0,,0,,0,,0,,0,,0,,0,,0,,0,
B9980000,12/4/01,11:20:00,Yes,5.5,17.8,,8,,7.6,,53375,,0,,0,\N,0,,0,,0,,0,,0,,0,,0,,0,,0,,0,,0,,0,,0,,0,,0,,0,,0,,0,,0,
B9980000,12/4/01,11:20:00,Yes,2.7,17.9,,8,,7.6,,53132,,0,,0,\N,0,,0,,0,,0,,0,,0,,0,,0,,0,,0,,0,,0,,0,,0,,0,,0,,0,,0,,0,
B9980000,1/15/02,10:40:00,Yes,0.1,10.2,,7.9,,9.3,,47245,,1,K,0,\N,0,,8,,0,,0.1,K,0.24,,0.12,,0.01,,0,,0,,0,,0,,0,,0,,0,,0,,0,,0,,0,,0,
B9980000,1/15/02,10:40:00,Yes,2.6,10.1,,7.9,,9.1,,48634,,0,,0,\N,0,,0,,0,,0,,0,,0,,0,,0,,0,,0,,0,,0,,0,,0,,0,,0,,0,,0,,0,
B9980000,1/15/02,10:40:00,Yes,4.6,10.2,,7.9,,9.1,,49802,,0,,0,\N,0,,0,,0,,0,,0,,0,,0,,0,,0,,0,,0,,0,,0,,0,,0,,0,,0,,0,,0,
B9980000,2/12/02,11:00:00,Yes,0.1,11.9,,7.9,,9.3,,36140,,4,,0,\N,0,,32,,0,,0.09,,0.39,,0.2,,0.05,,0,,0,,0,,0,,0,,0,,0,,0,,0,,0,,0,,0,
B9980000,2/12/02,11:00:00,Yes,2.2,11.9,,8,,9.2,,36629,,0,,0,\N,0,,0,,0,,0,,0,,0,,0,,0,,0,,0,,0,,0,,0,,0,,0,,0,,0,,0,,0,
B9980000,2/12/02,11:00:00,Yes,4.2,11.9,,8,,9,,38532,,0,,0,\N,0,,0,,0,,0,,0,,0,,0,,0,,0,,0,,0,,0,,0,,0,,0,,0,,0,,0,,0,
B9980000,3/12/02,7:00:00,Yes,0.1,14.7,,7.8,,8.5,,38575,,11,,0,\N,0,,24,,0,,0.06,,0.33,,0.03,,0.02,,0,,0,,0,,0,,0,,0,,0,,0,,0,,0,,0,,0,
B9980000,3/12/02,7:00:00,Yes,1.5,14.6,,7.8,,8.6,,38688,,0,,0,\N,0,,0,,0,,0,,0,,0,,0,,0,,0,,0,,0,,0,,0,,0,,0,,0,,0,,0,,0,
B9980000,3/12/02,7:00:00,Yes,3.4,14.6,,7.7,,8.7,,38732,,0,,0,\N,0,,0,,0,,0,,0,,0,,0,,0,,0,,0,,0,,0,,0,,0,,0,,0,,0,,0,,0,
B9980000,4/11/02,10:20:00,Yes,2.5,17.8,,7.9,,8.3,,37457,,0,,0,\N,0,,0,,0,,0,,0,,0,,0,,0,,0,,0,,0,,0,,0,,0,,0,,0,,0,,0,,0,
B9980000,4/11/02,10:20:00,Yes,4.3,17.6,,7.9,,8.1,,44060,,0,,0,\N,0,,0,,0,,0,,0,,0,,0,,0,,0,,0,,0,,0,,0,,0,,0,,0,,0,,0,,0,
B9980000,4/11/02,10:20:00,Yes,0.1,17.9,,7.9,,8.4,,35954,,5,,0,\N,0,,5,,0,,0.08,,0.33,,0.16,,0.1,,0,,0,,0,,0,,0,,0,,0,,0,,0,,0,,0,,0,
B9980000,5/7/02,11:20:00,Yes,1.6,23.2,,7.7,,6.2,,49713,,0,,0,\N,0,,0,,0,,0,,0,,0,,0,,0,,0,,0,,0,,0,,0,,0,,0,,0,,0,,0,,0,
B9980000,5/7/02,11:20:00,Yes,3.3,23.1,,7.7,,6.5,,49763,,0,,0,\N,0,,0,,0,,0,,0,,0,,0,,0,,0,,0,,0,,0,,0,,0,,0,,0,,0,,0,,0,
B9980000,5/7/02,11:20:00,Yes,0.1,23.3,,7.7,,6.4,,49164,,5,,0,\N,0,,23,,0,,0.09,,0.5,,0.03,,0.04,,0,,0,,0,,0,,0,,0,,0,,0,,0,,0,,0,,0,
B9980000,6/4/02,10:10:00,Yes,0.1,27.8,,7.6,,5.2,,52914,,5,,0,\N,0,,12,,0,,0.02,U,0.46,,0.01,,0.02,,0,,0,,0,,0,,0,,0,,0,,0,,0,,0,,0,,0,
B9980000,6/4/02,10:10:00,Yes,2,27.8,,7.6,,5.3,,52857,,0,,0,\N,0,,0,,0,,0,,0,,0,,0,,0,,0,,0,,0,,0,,0,,0,,0,,0,,0,,0,,0,
B9980000,6/4/02,10:10:00,Yes,3.9,27.9,,7.6,,5.3,,52987,,0,,0,\N,0,,0,,0,,0,,0,,0,,0,,0,,0,,0,,0,,0,,0,,0,,0,,0,,0,,0,,0,
B9980000,6/19/02,15:10:00,Yes,0.1,26.5,,8,,6.6,,53485,,0,,0,\N,0,,0,,0,,0,,0,,0,,0,,0,,0,,0,,0,,0,,0,,0,,0,,0,,0,,0,,0,
B9980000,6/19/02,15:10:00,Yes,2.4,26.6,,7.9,,6.6,,53524,,0,,0,\N,0,,0,,0,,0,,0,,0,,0,,0,,0,,0,,0,,0,,0,,0,,0,,0,,0,,0,,0,
B9980000,6/19/02,15:10:00,Yes,4.8,26.6,,7.9,,6.9,,53542,,0,,0,\N,0,,0,,0,,0,,0,,0,,0,,0,,0,,0,,0,,0,,0,,0,,0,,0,,0,,0,,0,
B9980000,7/9/02,10:10:00,Yes,0.1,28.2,,8.2,,5.8,,51042,,1,U,0,\N,0,,13,,0,,0.05,,0.49,,0.01,U,0.04,,0,,0,,0,,0,,0,,0,,0,,0,,0,,0,,0,,0,
B9980000,7/9/02,10:10:00,Yes,1.9,28.1,,8,,5.8,,51050,,0,,0,\N,0,,0,,0,,0,,0,,0,,0,,0,,0,,0,,0,,0,,0,,0,,0,,0,,0,,0,,0,
B9980000,7/9/02,10:10:00,Yes,3.8,28.1,,7.9,,5.8,,51058,,0,,0,\N,0,,0,,0,,0,,0,,0,,0,,0,,0,,0,,0,,0,,0,,0,,0,,0,,0,,0,,0,
B9980000,7/25/02,10:15:00,Yes,0.1,28.7,,7.7,,6,,51617,,0,,0,\N,0,,0,,0,,0,,0,,0,,0,,0,,0,,0,,0,,0,,0,,0,,0,,0,,0,,0,,0,
B9980000,7/25/02,10:15:00,Yes,4.5,28.7,,8,,5.9,,51716,,0,,0,\N,0,,0,,0,,0,,0,,0,,0,,0,,0,,0,,0,,0,,0,,0,,0,,0,,0,,0,,0,
B9980000,7/25/02,10:15:00,Yes,2.2,28.7,,8,,5.9,,51553,,0,,0,\N,0,,0,,0,,0,,0,,0,,0,,0,,0,,0,,0,,0,,0,,0,,0,,0,,0,,0,,0,
B9980000,8/6/02,10:35:00,Yes,0.1,28.2,,7.7,,4.9,,48608,,3,,0,\N,0,,15,,0,,0.06,,0.56,,0.23,,0.04,,0,,0,,0,,0,,0,,0,,0,,0,,0,,0,,0,,0,
B9980000,8/6/02,10:35:00,Yes,2.1,28.1,,7.7,,4.8,,48586,,0,,0,\N,0,,0,,0,,0,,0,,0,,0,,0,,0,,0,,0,,0,,0,,0,,0,,0,,0,,0,,0,
B9980000,8/6/02,10:35:00,Yes,4.2,28.1,,7.6,,4.8,,48576,,0,,0,\N,0,,0,,0,,0,,0,,0,,0,,0,,0,,0,,0,,0,,0,,0,,0,,0,,0,,0,,0,
B9980000,8/22/02,10:30:00,Yes,0.1,29,,7.9,,5.8,,52534,,0,,0,\N,0,,0,,0,,0,,0,,0,,0,,0,,0,,0,,0,,0,,0,,0,,0,,0,,0,,0,,0,
B9980000,8/22/02,10:30:00,Yes,2.6,29,,7.9,,5.8,,52562,,0,,0,\N,0,,0,,0,,0,,0,,0,,0,,0,,0,,0,,0,,0,,0,,0,,0,,0,,0,,0,,0,
B9980000,8/22/02,10:30:00,Yes,5.2,29,,7.8,,5.9,,52542,,0,,0,\N,0,,0,,0,,0,,0,,0,,0,,0,,0,,0,,0,,0,,0,,0,,0,,0,,0,,0,,0,
B9980000,9/5/02,10:45:00,Yes,0.1,28.3,,7.6,,4.4,,42814,,5,,0,\N,0,,17,,0,,0.13,,1.19,,0.05,,0.05,,0,,0,,0,,0,,0,,0,,0,,0,,0,,0,,0,,0,
B9980000,9/5/02,10:45:00,Yes,2,28.3,,7.5,,4.4,,42825,,0,,0,\N,0,,0,,0,,0,,0,,0,,0,,0,,0,,0,,0,,0,,0,,0,,0,,0,,0,,0,,0,
B9980000,9/5/02,10:45:00,Yes,4,28.2,,7.2,,4.5,,42836,,0,,0,\N,0,,0,,0,,0,,0,,0,,0,,0,,0,,0,,0,,0,,0,,0,,0,,0,,0,,0,,0,
B9980000,9/17/02,11:00:00,Yes,2.1,26.7,,7.5,,5,,46868,,0,,0,\N,0,,0,,0,,0,,0,,0,,0,,0,,0,,0,,0,,0,,0,,0,,0,,0,,0,,0,,0,
B9980000,9/17/02,11:00:00,Yes,4.2,27.6,,7.5,,5.1,,47000,,0,,0,\N,0,,0,,0,,0,,0,,0,,0,,0,,0,,0,,0,,0,,0,,0,,0,,0,,0,,0,,0,
B9980000,9/17/02,11:00:00,Yes,0.1,27.7,,7.5,,5.1,,46745,,0,,0,\N,0,,0,,0,,0,,0,,0,,0,,0,,0,,0,,0,,0,,0,,0,,0,,0,,0,,0,,0,
B9980000,10/3/02,10:25:00,Yes,2,26.7,,7.5,,4.6,,44567,,0,,0,\N,0,,0,,0,,0,,0,,0,,0,,0,,0,,0,,0,,0,,0,,0,,0,,0,,0,,0,,0,
B9980000,10/3/02,10:25:00,Yes,4.1,26.7,,7.4,,4.7,,44610,,0,,0,\N,0,,0,,0,,0,,0,,0,,0,,0,,0,,0,,0,,0,,0,,0,,0,,0,,0,,0,,0,
B9980000,10/3/02,10:25:00,Yes,0.1,26.8,,7.5,,4.5,,44558,,8,,0,\N,0,,13,,0,,0.07,,1.05,,0.04,,0.05,,0,,0,,0,,0,,0,,0,,0,,0,,0,,0,,0,,0,
B9980000,11/4/02,11:50:00,Yes,0.1,17,,7.7,,6.9,,43301,,12,,0,\N,0,,30,,0,,0.1,,0.51,,0.12,,0.05,,0,,0,,0,,0,,0,,0,,0,,0,,0,,0,,0,,0,
B9980000,11/4/02,11:50:00,Yes,1.9,17,,7.6,,6.8,,43387,,0,,0,\N,0,,0,,0,,0,,0,,0,,0,,0,,0,,0,,0,,0,,0,,0,,0,,0,,0,,0,,0,
B9980000,11/4/02,11:50:00,Yes,3.8,17,,7.4,,6.9,,43296,,0,,0,\N,0,,0,,0,,0,,0,,0,,0,,0,,0,,0,,0,,0,,0,,0,,0,,0,,0,,0,,0,
B9980000,12/4/02,0:30:00,Yes,0.1,10.3,,7.6,,10.4,,42702,,11,,0,\N,0,,21,,0,,0.06,,0.42,,0.09,,0.04,,0,,0,,0,,0,,0,,0,,0,,0,,0,,0,,0,,0,
B9980000,12/4/02,0:30:00,Yes,1.8,10,,7.6,,10.4,,42735,,0,,0,\N,0,,0,,0,,0,,0,,0,,0,,0,,0,,0,,0,,0,,0,,0,,0,,0,,0,,0,,0,
B9980000,12/4/02,0:30:00,Yes,3,10.1,,7.7,,10.4,,42657,,0,,0,\N,0,,0,,0,,0,,0,,0,,0,,0,,0,,0,,0,,0,,0,,0,,0,,0,,0,,0,,0,
B9980000,1/7/03,0:40:00,Yes,0.1,9.8,,7.4,,11.3,,27809,,2,,0,\N,0,,10,,0,,0.08,,0.32,,0.26,,0.01,,0,,0,,0,,0,,0,,0,,0,,0,,0,,0,,0,,0,
B9980000,1/7/03,0:40:00,Yes,2.1,10.3,,7.1,,10.7,,37887,,0,,0,\N,0,,0,,0,,0,,0,,0,,0,,0,,0,,0,,0,,0,,0,,0,,0,,0,,0,,0,,0,
B9980000,1/7/03,0:40:00,Yes,3.7,10.9,,6.8,,10.4,,43974,,0,,0,\N,0,,0,,0,,0,,0,,0,,0,,0,,0,,0,,0,,0,,0,,0,,0,,0,,0,,0,,0,
B9980000,2/6/03,0:10:00,Yes,0.1,9,,7.6,,11,,38961,,1,U,0,\N,0,,13,,0,,0.05,,0.41,,0.14,,0.04,,0,,0,,0,,0,,0,,0,,0,,0,,0,,0,,0,,0,
B9980000,2/6/03,0:10:00,Yes,4,9,,7.6,,10.7,,40706,,0,,0,\N,0,,0,,0,,0,,0,,0,,0,,0,,0,,0,,0,,0,,0,,0,,0,,0,,0,,0,,0,
B9980000,2/6/03,0:10:00,Yes,2,8.9,,7.6,,10.9,,38766,,0,,0,\N,0,,0,,0,,0,,0,,0,,0,,0,,0,,0,,0,,0,,0,,0,,0,,0,,0,,0,,0,
B9980000,3/4/03,10:55:00,Yes,0.1,11,,7.4,,10.5,,27785,,2,,0,\N,0,,24,,0,,0.03,,0.62,,0.25,,0.06,,0,,0,,0,,0,,0,,0,,0,,0,,0,,0,,0,,0,
B9980000,3/4/03,10:55:00,Yes,1.5,11,,7.3,,10.4,,28389,,0,,0,\N,0,,0,,0,,0,,0,,0,,0,,0,,0,,0,,0,,0,,0,,0,,0,,0,,0,,0,,0,
B9980000,3/4/03,10:55:00,Yes,2.7,11,,7.1,,10.5,,29522,,0,,0,\N,0,,0,,0,,0,,0,,0,,0,,0,,0,,0,,0,,0,,0,,0,,0,,0,,0,,0,,0,
B9980000,4/1/03,9:00:00,Yes,0.1,14.9,,7.8,,8.7,,23346,,6,,0,\N,0,,9,,0,,0.08,,0.68,,0.2,,0.05,,0,,0,,0,,0,,0,,0,,0,,0,,0,,0,,0,,0,
B9980000,4/1/03,9:00:00,Yes,2.4,14.9,,7.9,,6.6,,26131,,0,,0,\N,0,,0,,0,,0,,0,,0,,0,,0,,0,,0,,0,,0,,0,,0,,0,,0,,0,,0,,0,
B9980000,4/1/03,9:00:00,Yes,4.8,15.4,,7.7,,6.4,,41375,,0,,0,\N,0,,0,,0,,0,,0,,0,,0,,0,,0,,0,,0,,0,,0,,0,,0,,0,,0,,0,,0,
B9980000,5/13/03,11:00:00,Yes,0.1,23.7,,7.6,,6.6,,31148,,7,,0,\N,0,,21,,0,,0.07,,0.51,,0.04,,0.03,,0,,0,,0,,0,,0,,0,,0,,0,,0,,0,,0,,0,
B9980000,5/13/03,11:00:00,Yes,1.7,23.7,,7.5,,6.6,,31173,,0,,0,\N,0,,0,,0,,0,,0,,0,,0,,0,,0,,0,,0,,0,,0,,0,,0,,0,,0,,0,,0,
B9980000,5/13/03,11:00:00,Yes,3.5,23.7,,7.5,,6.7,,31131,,0,,0,\N,0,,0,,0,,0,,0,,0,,0,,0,,0,,0,,0,,0,,0,,0,,0,,0,,0,,0,,0,
B9980000,6/3/03,0:43:00,Yes,2.5,22.7,,7.8,,6.1,,23603,,0,,0,\N,0,,0,,0,,0,,0,,0,,0,,0,,0,,0,,0,,0,,0,,0,,0,,0,,0,,0,,0,
B9980000,6/3/03,0:43:00,Yes,5,22.9,,7.9,,6.3,,30391,,0,,0,\N,0,,0,,0,,0,,0,,0,,0,,0,,0,,0,,0,,0,,0,,0,,0,,0,,0,,0,,0,
B9980000,6/3/03,0:43:00,Yes,0.1,23.7,,7.4,,6.6,,15043,,18,,0,\N,0,,8,,0,,0.1,,0.47,,0.27,,0.06,,0,,0,,0,,0,,0,,0,,0,,0,,0,,0,,0,,0,
B9980000,6/18/03,14:20:00,Yes,2.4,27.1,,7.8,,5.6,,26961,,0,,0,\N,0,,0,,0,,0,,0,,0,,0,,0,,0,,0,,0,,0,,0,,0,,0,,0,,0,,0,,0,
B9980000,6/18/03,14:20:00,Yes,4.8,26.9,,7.9,,5.8,,30556,,0,,0,\N,0,,0,,0,,0,,0,,0,,0,,0,,0,,0,,0,,0,,0,,0,,0,,0,,0,,0,,0,
B9980000,6/18/03,14:20:00,Yes,0.1,27.9,,7.7,,5.8,,24131,,0,,0,\N,0,,0,,0,,0,,0,,0,,0,,0,,0,,0,,0,,0,,0,,0,,0,,0,,0,,0,,0,
B9980000,7/8/03,10:10:00,Yes,0.1,28.8,,7.6,,6.2,,35038,,8,,0,\N,0,,42,,0,,0.08,,0.54,,0.07,,0.06,,0,,0,,0,,0,,0,,0,,0,,0,,0,,0,,0,,0,
B9980000,7/8/03,10:10:00,Yes,1.7,28.8,,7.6,,6.1,,35500,,0,,0,\N,0,,0,,0,,0,,0,,0,,0,,0,,0,,0,,0,,0,,0,,0,,0,,0,,0,,0,,0,
B9980000,7/8/03,10:10:00,Yes,3.4,28.8,,7.6,,6,,35843,,0,,0,\N,0,,0,,0,,0,,0,,0,,0,,0,,0,,0,,0,,0,,0,,0,,0,,0,,0,,0,,0,
B9980000,7/24/03,9:14:00,Yes,0.1,27.2,,7.5,,6.1,,27875,,0,,0,\N,0,,0,,0,,0,,0,,0,,0,,0,,0,,0,,0,,0,,0,,0,,0,,0,,0,,0,,0,
B9980000,7/24/03,9:14:00,Yes,1.5,27.6,,7.5,,5.7,,30462,,0,,0,\N,0,,0,,0,,0,,0,,0,,0,,0,,0,,0,,0,,0,,0,,0,,0,,0,,0,,0,,0,
B9980000,7/24/03,9:14:00,Yes,3.1,27.7,,7.3,,5.6,,31380,,0,,0,\N,0,,0,,0,,0,,0,,0,,0,,0,,0,,0,,0,,0,,0,,0,,0,,0,,0,,0,,0,
B9980000,8/14/03,0:20:00,Yes,5,27.6,,7.8,,4.9,,35745,,0,,0,\N,0,,0,,0,,0,,0,,0,,0,,0,,0,,0,,0,,0,,0,,0,,0,,0,,0,,0,,0,
B9980000,8/14/03,0:20:00,Yes,0.1,28.5,,7.4,,5.3,,20937,,8,,0,\N,0,,10,,0,,0.06,,0.62,,0.2,,0.08,,0,,0,,0,,0,,0,,0,,0,,0,,0,,0,,0,,0,
B9980000,8/14/03,0:20:00,Yes,2.5,27.7,,7.6,,4.8,,25891,,0,,0,\N,0,,0,,0,,0,,0,,0,,0,,0,,0,,0,,0,,0,,0,,0,,0,,0,,0,,0,,0,
B9980000,8/28/03,0:50:00,Yes,3.1,28.6,,7.3,,5.5,,32636,,0,,0,\N,0,,0,,0,,0,,0,,0,,0,,0,,0,,0,,0,,0,,0,,0,,0,,0,,0,,0,,0,
B9980000,8/28/03,0:50:00,Yes,0.1,28.9,,7.4,,5.7,,32653,,0,,0,\N,0,,0,,0,,0,,0,,0,,0,,0,,0,,0,,0,,0,,0,,0,,0,,0,,0,,0,,0,
B9980000,8/28/03,0:50:00,Yes,1.5,28.8,,7.4,,5.5,,32655,,0,,0,\N,0,,0,,0,,0,,0,,0,,0,,0,,0,,0,,0,,0,,0,,0,,0,,0,,0,,0,,0,
B9980000,9/9/03,11:45:00,Yes,0.1,24.7,,7.6,,5.7,,39924,,15,,0,\N,0,,15,,0,,0.08,,0.5,,0.11,,0.07,,0,,0,,0,,0,,0,,0,,0,,0,,0,,0,,0,,0,
B9980000,9/9/03,11:45:00,Yes,1.9,24.7,,7.6,,5.7,,40033,,0,,0,\N,0,,0,,0,,0,,0,,0,,0,,0,,0,,0,,0,,0,,0,,0,,0,,0,,0,,0,,0,
B9980000,9/9/03,11:45:00,Yes,3.7,24.7,,7.6,,5.8,,39990,,0,,0,\N,0,,0,,0,,0,,0,,0,,0,,0,,0,,0,,0,,0,,0,,0,,0,,0,,0,,0,,0,
B9980000,9/25/03,11:10:00,Yes,0.1,24.6,,7.7,,5.9,,40614,,0,,0,\N,0,,0,,0,,0,,0,,0,,0,,0,,0,,0,,0,,0,,0,,0,,0,,0,,0,,0,,0,
B9980000,9/25/03,11:10:00,Yes,2.2,24.6,,7.7,,5.9,,40772,,0,,0,\N,0,,0,,0,,0,,0,,0,,0,,0,,0,,0,,0,,0,,0,,0,,0,,0,,0,,0,,0,
B9980000,9/25/03,11:10:00,Yes,4.5,24.6,,7.7,,5.9,,40957,,0,,0,\N,0,,0,,0,,0,,0,,0,,0,,0,,0,,0,,0,,0,,0,,0,,0,,0,,0,,0,,0,
B9980000,10/7/03,10:40:00,Yes,0.1,22.2,,7.6,,6.1,,40651,,10,,0,\N,0,,10,,0,,0.02,U,0.5,,0.05,,0.03,,0,,0,,0,,0,,0,,0,,0,,0,,0,,0,,0,,0,
B9980000,10/7/03,10:40:00,Yes,2,22.2,,7.6,,6.1,,40860,,0,,0,\N,0,,0,,0,,0,,0,,0,,0,,0,,0,,0,,0,,0,,0,,0,,0,,0,,0,,0,,0,
B9980000,10/7/03,10:40:00,Yes,4,22.2,,7.5,,6.1,,40860,,0,,0,\N,0,,0,,0,,0,,0,,0,,0,,0,,0,,0,,0,,0,,0,,0,,0,,0,,0,,0,,0,
B9980000,11/4/03,11:25:00,Yes,0.1,22.2,,7.4,,6,,33272,,12,,0,\N,0,,10,,0,,0.02,U,0.47,,0.15,,0.03,,0,,0,,0,,0,,0,,0,,0,,0,,0,,0,,0,,0,
B9980000,11/4/03,11:25:00,Yes,2.2,22.2,,7.4,,5.9,,33329,,0,,0,\N,0,,0,,0,,0,,0,,0,,0,,0,,0,,0,,0,,0,,0,,0,,0,,0,,0,,0,,0,
B9980000,11/4/03,11:25:00,Yes,4.2,22.2,,7.4,,5.9,,33557,,0,,0,\N,0,,0,,0,,0,,0,,0,,0,,0,,0,,0,,0,,0,,0,,0,,0,,0,,0,,0,,0,
B9980000,12/9/03,11:10:00,Yes,0.1,10.7,,7.7,,9.4,,40003,,2,,0,\N,0,,14,,0,,0.04,,0.53,,0.12,,0.01,,0,,0,,0,,0,,0,,0,,0,,0,,0,,0,,0,,0,
B9980000,12/9/03,11:10:00,Yes,2.1,10.7,,7.7,,9.4,,40009,,0,,0,\N,0,,0,,0,,0,,0,,0,,0,,0,,0,,0,,0,,0,,0,,0,,0,,0,,0,,0,,0,
B9980000,12/9/03,11:10:00,Yes,4.2,10.8,,7.7,,9.6,,40218,,0,,0,\N,0,,0,,0,,0,,0,,0,,0,,0,,0,,0,,0,,0,,0,,0,,0,,0,,0,,0,,0,
B9980000,1/6/04,10:35:00,Yes,4,13.1,,7.9,,9.5,,39373,,0,,0,\N,0,,0,,0,,0,,0,,0,,0,,0,,0,,0,,0,,0,,0,,0,,0,,0,,0,,0,,0,
B9980000,1/6/04,10:35:00,Yes,2,13.1,,7.9,,9.4,,38232,,0,,0,\N,0,,0,,0,,0,,0,,0,,0,,0,,0,,0,,0,,0,,0,,0,,0,,0,,0,,0,,0,
B9980000,1/6/04,10:35:00,Yes,0.1,13.2,,7.9,,9.5,,38063,,4,,0,\N,0,,15,,0,,0.03,,0.38,,0.11,,0.01,U,0,,0,,0,,0,,0,,0,,0,,0,,0,,0,,0,,0,
B9980000,2/3/04,10:35:00,Yes,0.1,7.5,,7.7,,10.8,,36143,,3,,0,\N,0,,11,,0,,0.07,,0.32,,0.08,,0.01,U,0,,0,,0,,0,,0,,0,,0,,0,,0,,0,,0,,0,
B9980000,2/3/04,10:35:00,Yes,3.8,7.4,,7.8,,10.9,,36233,,0,,0,\N,0,,0,,0,,0,,0,,0,,0,,0,,0,,0,,0,,0,,0,,0,,0,,0,,0,,0,,0,
B9980000,2/3/04,10:35:00,Yes,1.9,7.4,,7.7,,10.8,,36192,,0,,0,\N,0,,0,,0,,0,,0,,0,,0,,0,,0,,0,,0,,0,,0,,0,,0,,0,,0,,0,,0,
B9980000,3/9/04,11:25:00,Yes,0.1,12.4,,8,,9.6,,32601,,6,,0,\N,0,,21,,0,,0.07,,0.48,,0.01,U,0.01,U,0,,0,,0,,0,,0,,0,,0,,0,,0,,0,,0,,0,
B9980000,3/9/04,11:25:00,Yes,4.5,11.7,,8.2,,9.3,,40687,,0,,0,\N,0,,0,,0,,0,,0,,0,,0,,0,,0,,0,,0,,0,,0,,0,,0,,0,,0,,0,,0,
B9980000,3/9/04,11:25:00,Yes,2.3,12.1,,8.1,,9.5,,36185,,0,,0,\N,0,,0,,0,,0,,0,,0,,0,,0,,0,,0,,0,,0,,0,,0,,0,,0,,0,,0,,0,
B9980000,4/6/04,11:15:00,Yes,0.1,14.3,,7.7,,9,,45783,,4,,0,\N,0,,23,,0,,0.12,,0.59,,0.02,,0.04,,0,,0,,0,,0,,0,,0,,0,,0,,0,,0,,0,,0,
B9980000,4/6/04,11:15:00,Yes,4.2,14.3,,7.6,,9,,46391,,0,,0,\N,0,,0,,0,,0,,0,,0,,0,,0,,0,,0,,0,,0,,0,,0,,0,,0,,0,,0,,0,
B9980000,4/6/04,11:15:00,Yes,2.1,14.3,,7.7,,9,,46012,,0,,0,\N,0,,0,,0,,0,,0,,0,,0,,0,,0,,0,,0,,0,,0,,0,,0,,0,,0,,0,,0,
B9980000,5/4/04,11:00:00,Yes,4.5,20.1,,7.7,,6.9,,41524,,0,,0,\N,0,,0,,0,,0,,0,,0,,0,,0,,0,,0,,0,,0,,0,,0,,0,,0,,0,,0,,0,
B9980000,5/4/04,11:00:00,Yes,2.2,20,,7.6,,7,,38511,,0,,0,\N,0,,0,,0,,0,,0,,0,,0,,0,,0,,0,,0,,0,,0,,0,,0,,0,,0,,0,,0,
B9980000,5/4/04,11:00:00,Yes,0.1,20,,7.6,,7,,38223,,12,,0,\N,0,,18,,0,,0.02,U,0.85,,0.1,,0.05,,0,,0,,0,,0,,0,,0,,0,,0,,0,,0,,0,,0,
B9980000,6/1/04,10:30:00,Yes,1.7,26.5,,7.5,,5.4,,47678,,0,,0,\N,0,,0,,0,,0,,0,,0,,0,,0,,0,,0,,0,,0,,0,,0,,0,,0,,0,,0,,0,
B9980000,6/1/04,10:30:00,Yes,0.1,26.5,,7.5,,5.5,,47613,,12,,0,\N,0,,27,,0,,0.03,,0.64,,0.02,,0.01,U,0,,0,,0,,0,,0,,0,,0,,0,,0,,0,,0,,0,
B9980000,6/1/04,10:30:00,Yes,3.4,26.4,,7.5,,5.3,,47682,,0,,0,\N,0,,0,,0,,0,,0,,0,,0,,0,,0,,0,,0,,0,,0,,0,,0,,0,,0,,0,,0,
B9980000,6/16/04,11:25:00,Yes,2.1,27.8,,7.6,,6.1,,46132,,0,,0,\N,0,,0,,0,,0,,0,,0,,0,,0,,0,,0,,0,,0,,0,,0,,0,,0,,0,,0,,0,
B9980000,6/16/04,11:25:00,Yes,4.3,27.6,,7.6,,5.9,,46282,,0,,0,\N,0,,0,,0,,0,,0,,0,,0,,0,,0,,0,,0,,0,,0,,0,,0,,0,,0,,0,,0,
B9980000,6/16/04,11:25:00,Yes,0.1,27.8,,7.6,,6.4,,45763,,0,,0,\N,0,,0,,0,,0,,0,,0,,0,,0,,0,,0,,0,,0,,0,,0,,0,,0,,0,,0,,0,
B9980000,7/13/04,11:00:00,Yes,1.9,29.8,,7.5,,5,,50389,,0,,0,\N,0,,0,,0,,0,,0,,0,,0,,0,,0,,0,,0,,0,,0,,0,,0,,0,,0,,0,,0,
B9980000,7/13/04,11:00:00,Yes,0.1,29.8,,7.2,,5.2,,49805,,3,,0,\N,0,,21,,0,,0.02,U,0.55,,0.01,U,0.05,,0,,0,,0,,0,,0,,0,,0,,0,,0,,0,,0,,0,
B9980000,7/13/04,11:00:00,Yes,3.8,29.8,,7.4,,4.9,,50800,,0,,0,\N,0,,0,,0,,0,,0,,0,,0,,0,,0,,0,,0,,0,,0,,0,,0,,0,,0,,0,,0,
B9980000,8/10/04,11:30:00,Yes,4.2,27.7,,7.6,,5.7,,49050,,0,,0,\N,0,,0,,0,,0,,0,,0,,0,,0,,0,,0,,0,,0,,0,,0,,0,,0,,0,,0,,0,
B9980000,8/10/04,11:30:00,Yes,2.1,27.8,,7.6,,6.3,,48414,,0,,0,\N,0,,0,,0,,0,,0,,0,,0,,0,,0,,0,,0,,0,,0,,0,,0,,0,,0,,0,,0,
B9980000,8/10/04,11:30:00,Yes,0.1,28,,7.7,,7.5,,46954,,1,U,0,\N,0,,8,,0,,0.02,U,0.77,,0.01,U,0.06,,0,,0,,0,,0,,0,,0,,0,,0,,0,,0,,0,,0,
B9980000,8/25/04,11:30:00,Yes,0.1,27.4,,7,,5.2,,27422,,0,,0,\N,0,,0,,0,,0,,0,,0,,0,,0,,0,,0,,0,,0,,0,,0,,0,,0,,0,,0,,0,
B9980000,8/25/04,11:30:00,Yes,2,27.1,,7,,4.7,,28505,,0,,0,\N,0,,0,,0,,0,,0,,0,,0,,0,,0,,0,,0,,0,,0,,0,,0,,0,,0,,0,,0,
B9980000,8/25/04,11:30:00,Yes,4,27.1,,6.9,,4.4,,31995,,0,,0,\N,0,,0,,0,,0,,0,,0,,0,,0,,0,,0,,0,,0,,0,,0,,0,,0,,0,,0,,0,
B9980000,9/14/04,11:15:00,Yes,2.1,24.9,,7.5,,5.8,,28285,,0,,0,\N,0,,0,,0,,0,,0,,0,,0,,0,,0,,0,,0,,0,,0,,0,,0,,0,,0,,0,,0,
B9980000,9/14/04,11:15:00,Yes,4.2,25,,7.6,,5.8,,29357,,0,,0,\N,0,,0,,0,,0,,0,,0,,0,,0,,0,,0,,0,,0,,0,,0,,0,,0,,0,,0,,0,
B9980000,9/14/04,11:15:00,Yes,0.1,24.9,,7.5,,5.8,,27870,,16,,0,\N,0,,27,,0,,0.02,U,0.97,,0.01,U,0.08,,0,,0,,0,,0,,0,,0,,0,,0,,0,,0,,0,,0,
B9980000,9/29/04,9:50:00,Yes,5.1,25.1,,8,,6.3,,49857,,0,,0,\N,0,,0,,0,,0,,0,,0,,0,,0,,0,,0,,0,,0,,0,,0,,0,,0,,0,,0,,0,
B9980000,9/29/04,9:50:00,Yes,2.5,25.1,,8,,6.3,,49170,,0,,0,\N,0,,0,,0,,0,,0,,0,,0,,0,,0,,0,,0,,0,,0,,0,,0,,0,,0,,0,,0,
B9980000,9/29/04,9:50:00,Yes,0.1,25.2,,7.9,,6.3,,43325,,0,,0,\N,0,,0,,0,,0,,0,,0,,0,,0,,0,,0,,0,,0,,0,,0,,0,,0,,0,,0,,0,
B9980000,10/12/04,10:24:00,Yes,5,22,,7,,6.3,,41273,,0,,0,\N,0,,0,,0,,0,,0,,0,,0,,0,,0,,0,,0,,0,,0,,0,,0,,0,,0,,0,,0,
B9980000,10/12/04,10:24:00,Yes,0.1,22.6,,7.3,,6.2,,40670,,8,,0,\N,0,,16,,0,,0.02,,0.42,,0.01,U,0.01,U,0,,0,,0,,0,,0,,0,,0,,0,,0,,0,,0,,0,
B9980000,10/12/04,10:24:00,Yes,2.5,22.6,,7.3,,6.2,,40781,,0,,0,\N,0,,0,,0,,0,,0,,0,,0,,0,,0,,0,,0,,0,,0,,0,,0,,0,,0,,0,,0,
B9980000,11/3/04,13:15:00,Yes,2.3,22.3,,8,,7.3,,46379,,0,,0,\N,0,,0,,0,,0,,0,,0,,0,,0,,0,,0,,0,,0,,0,,0,,0,,0,,0,,0,,0,
B9980000,11/3/04,13:15:00,Yes,4.5,22.3,,8,,7.5,,48490,,0,,0,\N,0,,0,,0,,0,,0,,0,,0,,0,,0,,0,,0,,0,,0,,0,,0,,0,,0,,0,,0,
B9980000,11/3/04,13:15:00,Yes,0.1,22.9,,8,,7.6,,44999,,1,U,0,\N,0,,6,,0,,0.02,U,0.39,,0.12,,0.03,,0,,0,,0,,0,,0,,0,,0,,0,,0,,0,,0,,0,
B9980000,12/7/04,9:20:00,Yes,4,14.5,,7.8,,8.1,,37296,,0,,0,\N,0,,0,,0,,0,,0,,0,,0,,0,,0,,0,,0,,0,,0,,0,,0,,0,,0,,0,,0,
B9980000,12/7/04,9:20:00,Yes,2,14.6,,7.8,,8.1,,36496,,0,,0,\N,0,,0,,0,,0,,0,,0,,0,,0,,0,,0,,0,,0,,0,,0,,0,,0,,0,,0,,0,
B9980000,12/7/04,9:20:00,Yes,0.1,14.7,,7,,8.1,,36197,,4,,0,\N,0,,11,,0,,0.1,,0.2,U,0.2,,0.04,,0,,0,,0,,0,,0,,0,,0,,0,,0,,0,,0,,0,
B9980000,1/11/05,11:20:00,Yes,0.1,13.1,,8,,9.2,,44484,,11,,0,\N,0,,25,,0,,0.02,U,0.3,,0.09,,0.02,,0,,0,,0,,0,,0,,0,,0,,0,,0,,0,,0,,0,
B9980000,1/11/05,11:20:00,Yes,2,13.1,,8,,9.2,,44573,,0,,0,\N,0,,0,,0,,0,,0,,0,,0,,0,,0,,0,,0,,0,,0,,0,,0,,0,,0,,0,,0,
B9980000,1/11/05,11:20:00,Yes,4,13.1,,8,,9.3,,44589,,0,,0,\N,0,,0,,0,,0,,0,,0,,0,,0,,0,,0,,0,,0,,0,,0,,0,,0,,0,,0,,0,
B9980000,2/22/05,10:50:00,Yes,4,11.7,,8.1,,10.4,,42893,,0,,0,\N,0,,0,,0,,0,,0,,0,,0,,0,,0,,0,,0,,0,,0,,0,,0,,0,,0,,0,,0,
B9980000,2/22/05,10:50:00,Yes,2,11.7,,8.1,,10.2,,42891,,0,,0,\N,0,,0,,0,,0,,0,,0,,0,,0,,0,,0,,0,,0,,0,,0,,0,,0,,0,,0,,0,
B9980000,2/22/05,10:50:00,Yes,0.1,11.9,,8.1,,10.4,,42617,,1,,0,\N,0,,10,,0,,0.21,,0.41,,0.01,U,0.13,,0,,0,,0,,0,,0,,0,,0,,0,,0,,0,,0,,0,
B9980000,3/14/05,0:00:00,Yes,0.1,11.7,,8,,11.2,,37062,,2,,0,\N,0,,21,,0,,0.02,U,0.48,,0.1,,0.03,,0,,0,,0,,0,,0,,0,,0,,0,,0,,0,,0,,0,
B9980000,3/14/05,0:00:00,Yes,4.7,11.6,,7.8,,10.4,,44879,,0,,0,\N,0,,0,,0,,0,,0,,0,,0,,0,,0,,0,,0,,0,,0,,0,,0,,0,,0,,0,,0,
B9980000,3/14/05,0:00:00,Yes,2.3,11.7,,7.9,,10.6,,40482,,0,,0,\N,0,,0,,0,,0,,0,,0,,0,,0,,0,,0,,0,,0,,0,,0,,0,,0,,0,,0,,0,
B9980000,4/5/05,11:50:00,Yes,2,16.6,,7.6,,7.8,,31159,,0,,0,\N,0,,0,,0,,0,,0,,0,,0,,0,,0,,0,,0,,0,,0,,0,,0,,0,,0,,0,,0,
B9980000,4/5/05,11:50:00,Yes,4,16.5,,7.6,,7.8,,31239,,0,,0,\N,0,,0,,0,,0,,0,,0,,0,,0,,0,,0,,0,,0,,0,,0,,0,,0,,0,,0,,0,
B9980000,4/5/05,11:50:00,Yes,0.1,16.6,,7.6,,7.8,,31165,,14,,0,\N,0,,17,,0,,0.02,U,0.55,,0.07,,0.01,U,0,,0,,0,,0,,0,,0,,0,,0,,0,,0,,0,,0,
B9980000,5/9/05,11:45:00,Yes,2.3,18.8,,7.7,,7.5,,41816,,0,,0,\N,0,,0,,0,,0,,0,,0,,0,,0,,0,,0,,0,,0,,0,,0,,0,,0,,0,,0,,0,
B9980000,5/9/05,11:45:00,Yes,0.1,18.8,,7.7,,7.5,,41769,,6,B1,0,\N,0,,23,,0,,0.04,,0.75,,0.08,,0.01,U,0,,0,,0,,0,,0,,0,,0,,0,,0,,0,,0,,0,
B9980000,5/9/05,11:45:00,Yes,4.5,18.6,,7.8,,7.6,,41856,,0,,0,\N,0,,0,,0,,0,,0,,0,,0,,0,,0,,0,,0,,0,,0,,0,,0,,0,,0,,0,,0,
B9980000,5/17/05,10:50:00,Yes,2.1,23.6,,7.5,,6.1,,40020,,0,,0,\N,0,,0,,0,,0,,0,,0,,0,,0,,0,,0,,0,,0,,0,,0,,0,,0,,0,,0,,0,
B9980000,5/17/05,10:50:00,Yes,4.2,23.7,,7.5,,5.8,,40840,,0,,0,\N,0,,0,,0,,0,,0,,0,,0,,0,,0,,0,,0,,0,,0,,0,,0,,0,,0,,0,,0,
B9980000,5/17/05,10:50:00,Yes,0.1,23.5,,7.6,,6.4,,39603,,0,,0,\N,0,,0,,0,,0,,0,,0,,0,,0,,0,,0,,0,,0,,0,,0,,0,,0,,0,,0,,0,
B9980000,6/7/05,10:40:00,Yes,2.1,25.3,,7.5,,6.4,,42006,,0,,0,\N,0,,0,,0,,0,,0,,0,,0,,0,,0,,0,,0,,0,,0,,0,,0,,0,,0,,0,,0,
B9980000,6/7/05,10:40:00,Yes,0.1,25.7,,7.5,,6.6,,41380,,21,,0,\N,0,,11,,0,,0.06,,0.56,,0.11,,0.03,,0,,0,,0,,0,,0,,0,,0,,0,,0,,0,,0,,0,
B9980000,6/7/05,10:40:00,Yes,4.2,25.2,,7.2,,6.5,,42400,,0,,0,\N,0,,0,,0,,0,,0,,0,,0,,0,,0,,0,,0,,0,,0,,0,,0,,0,,0,,0,,0,
B9980000,6/21/05,11:25:00,Yes,2.2,25.1,,7.5,,6.3,,43744,,0,,0,\N,0,,0,,0,,0,,0,,0,,0,,0,,0,,0,,0,,0,,0,,0,,0,,0,,0,,0,,0,
B9980000,6/21/05,11:25:00,Yes,0.1,25,,7.5,,6.4,,43300,,0,,0,\N,0,,0,,0,,0,,0,,0,,0,,0,,0,,0,,0,,0,,0,,0,,0,,0,,0,,0,,0,
B9980000,6/21/05,11:25:00,Yes,4.5,25.2,,7.5,,6.4,,43809,,0,,0,\N,0,,0,,0,,0,,0,,0,,0,,0,,0,,0,,0,,0,,0,,0,,0,,0,,0,,0,,0,
B9980000,7/12/05,11:51:00,Yes,2.7,29,,7.2,,5.9,,44131,,0,,0,\N,0,,0,,0,,0,,0,,0,,0,,0,,0,,0,,0,,0,,0,,0,,0,,0,,0,,0,,0,
B9980000,7/12/05,11:51:00,Yes,5.4,28.9,,6,,5.8,,44597,,0,,0,\N,0,,0,,0,,0,,0,,0,,0,,0,,0,,0,,0,,0,,0,,0,,0,,0,,0,,0,,0,
B9980000,7/12/05,11:51:00,Yes,0.1,29.7,,7.3,,6.5,,42630,,2,,0,\N,0,,7,,0,,0.04,,0.51,,0.07,,0.06,,0,,0,,0,,0,,0,,0,,0,,0,,0,,0,,0,,0,
B9980000,7/25/05,11:00:00,Yes,2.5,29.2,,7.5,,6.2,,44538,,0,,0,\N,0,,0,,0,,0,,0,,0,,0,,0,,0,,0,,0,,0,,0,,0,,0,,0,,0,,0,,0,
B9980000,7/25/05,11:00:00,Yes,5,29.2,,7.4,,6.2,,44542,,0,,0,\N,0,,0,,0,,0,,0,,0,,0,,0,,0,,0,,0,,0,,0,,0,,0,,0,,0,,0,,0,
B9980000,7/25/05,11:00:00,Yes,0.1,29.4,,7.7,,6.4,,44183,,0,,0,\N,0,,0,,0,,0,,0,,0,,0,,0,,0,,0,,0,,0,,0,,0,,0,,0,,0,,0,,0,
B9980000,8/2/05,10:45:00,Yes,3,28.7,,7.2,,4.2,,41786,,0,,0,\N,0,,0,,0,,0,,0,,0,,0,,0,,0,,0,,0,,0,,0,,0,,0,,0,,0,,0,,0,
B9980000,8/2/05,10:45:00,Yes,1.5,28.8,,7.3,,4.3,,41716,,0,,0,\N,0,,0,,0,,0,,0,,0,,0,,0,,0,,0,,0,,0,,0,,0,,0,,0,,0,,0,,0,
B9980000,8/2/05,10:45:00,Yes,0.1,28.9,,7.2,,4.6,,41600,,9,,0,\N,0,,10,,0,,0.05,,0.23,,0.03,,0.09,,0,,0,,0,,0,,0,,0,,0,,0,,0,,0,,0,,0,
B9980000,8/16/05,10:24:00,Yes,2,31,,7.7,,5.1,,36435,,0,,0,\N,0,,0,,0,,0,,0,,0,,0,,0,,0,,0,,0,,0,,0,,0,,0,,0,,0,,0,,0,
B9980000,8/16/05,10:24:00,Yes,0.1,31.1,,7.7,,5.5,,36251,,0,,0,\N,0,,0,,0,,0,,0,,0,,0,,0,,0,,0,,0,,0,,0,,0,,0,,0,,0,,0,,0,
B9980000,8/16/05,10:24:00,Yes,4,30.9,,7.6,,4.9,,36651,,0,,0,\N,0,,0,,0,,0,,0,,0,,0,,0,,0,,0,,0,,0,,0,,0,,0,,0,,0,,0,,0,
B9980000,9/8/05,0:20:00,Yes,0.1,26.4,,7.7,,6.8,,49266,,10,B2,0,\N,0,,11,,0,,0.02,U,0.28,,0.08,,0.04,,0,,0,,0,,0,,0,,0,,0,,0,,0,,0,,0,,0,
B9980000,9/8/05,0:20:00,Yes,5,26.4,,7.7,,6.4,,50000,J7,0,,0,\N,0,,0,,0,,0,,0,,0,,0,,0,,0,,0,,0,,0,,0,,0,,0,,0,,0,,0,,0,
B9980000,9/8/05,0:20:00,Yes,2.5,26.3,,7.7,,6.7,,49542,,0,,0,\N,0,,0,,0,,0,,0,,0,,0,,0,,0,,0,,0,,0,,0,,0,,0,,0,,0,,0,,0,
B9980000,9/20/05,11:31:00,Yes,4.7,27.2,,7.9,,5.9,,47332,,0,,0,\N,0,,0,,0,,0,,0,,0,,0,,0,,0,,0,,0,,0,,0,,0,,0,,0,,0,,0,,0,
B9980000,9/20/05,11:31:00,Yes,2.4,27.2,,7.9,,5.9,,47176,,0,,0,\N,0,,0,,0,,0,,0,,0,,0,,0,,0,,0,,0,,0,,0,,0,,0,,0,,0,,0,,0,
B9980000,9/20/05,11:31:00,Yes,0.1,27.7,,7.9,,5.7,,43480,,0,,0,\N,0,,0,,0,,0,,0,,0,,0,,0,,0,,0,,0,,0,,0,,0,,0,,0,,0,,0,,0,
B9980000,10/4/05,11:21:00,Yes,2.3,25.1,,7.8,,6.4,,44333,,0,,0,\N,0,,0,,0,,0,,0,,0,,0,,0,,0,,0,,0,,0,,0,,0,,0,,0,,0,,0,,0,
B9980000,10/4/05,11:21:00,Yes,0.1,25.1,,7.8,,6.4,,44271,,10,B2,0,\N,0,,16,,0,,0.02,,0.19,,0.06,,0.03,,0,,0,,0,,0,,0,,0,,0,,0,,0,,0,,0,,0,
B9980000,10/4/05,11:21:00,Yes,4.6,25.1,,7.8,,6.4,,44380,,0,,0,\N,0,,0,,0,,0,,0,,0,,0,,0,,0,,0,,0,,0,,0,,0,,0,,0,,0,,0,,0,
B9980000,11/1/05,0:20:00,Yes,0.1,17.2,,7.7,,6.7,,39505,,45,,0,\N,0,,14,,0,,0.02,,0.7,,0.56,,0.02,U,0,,0,,0,,0,,0,,0,,0,,0,,0,,0,,0,,0,
B9980000,11/1/05,0:20:00,Yes,2,17.1,,7.7,,6.7,,39496,,0,,0,\N,0,,0,,0,,0,,0,,0,,0,,0,,0,,0,,0,,0,,0,,0,,0,,0,,0,,0,,0,
B9980000,11/1/05,0:20:00,Yes,4.2,17.2,,7.7,,7.1,,39520,,0,,0,\N,0,,0,,0,,0,,0,,0,,0,,0,,0,,0,,0,,0,,0,,0,,0,,0,,0,,0,,0,
B9980000,12/13/05,11:20:00,Yes,3.5,10.7,,8,,9,,38457,,0,,0,\N,0,,0,,0,,0,,0,,0,,0,,0,,0,,0,,0,,0,,0,,0,,0,,0,,0,,0,,0,
B9980000,12/13/05,11:20:00,Yes,0.1,10.8,,8,,9,,38250,,9,,0,\N,0,,26,,0,,0.03,,0.7,,0.13,,0.02,U,0,,0,,0,,0,,0,,0,,0,,0,,0,,0,,0,,0,
B9980000,12/13/05,11:20:00,Yes,1.7,10.7,,8,,9,,38427,,0,,0,\N,0,,0,,0,,0,,0,,0,,0,,0,,0,,0,,0,,0,,0,,0,,0,,0,,0,,0,,0,
B9980000,1/10/06,11:01:00,Yes,2,11.4,,7.8,,9,,34253,,0,,0,\N,0,,0,,0,,0,,0,,0,,0,,0,,0,,0,,0,,0,,0,,0,,0,,0,,0,,0,,0,
B9980000,1/10/06,11:01:00,Yes,4.1,11.3,,7.8,,9,,35358,,0,,0,\N,0,,0,,0,,0,,0,,0,,0,,0,,0,,0,,0,,0,,0,,0,,0,,0,,0,,0,,0,
B9980000,1/10/06,11:01:00,Yes,0.1,11.6,,7.8,,9,,33700,,9,,0,\N,0,,7,,0,,0.03,,0.7,,0.51,,0.09,,0,,0,,0,,0,,0,,0,,0,,0,,0,,0,,0,,0,
B9980000,2/14/06,0:15:00,Yes,2,8.7,,7.8,,10.9,,38822,,0,,0,\N,0,,0,,0,,0,,0,,0,,0,,0,,0,,0,,0,,0,,0,,0,,0,,0,,0,,0,,0,
B9980000,2/14/06,0:15:00,Yes,0.1,8.8,,7.5,,11.4,,38504,,2,B1,0,\N,0,,26,,0,,0.01,,0.42,,0.05,,0.04,,0,,0,,0,,0,,0,,0,,0,,0,,0,,0,,0,,0,
B9980000,2/14/06,0:15:00,Yes,4,8.7,,7.8,,10.9,,39007,,0,,0,\N,0,,0,,0,,0,,0,,0,,0,,0,,0,,0,,0,,0,,0,,0,,0,,0,,0,,0,,0,
B9980000,3/14/06,11:25:00,Yes,1.9,17.6,,7.9,,8,,41530,,0,,0,\N,0,,0,,0,,0,,0,,0,,0,,0,,0,,0,,0,,0,,0,,0,,0,,0,,0,,0,,0,
B9980000,3/14/06,11:25:00,Yes,3.8,17.7,,7.8,,8,,41714,,0,,0,\N,0,,0,,0,,0,,0,,0,,0,,0,,0,,0,,0,,0,,0,,0,,0,,0,,0,,0,,0,
B9980000,3/14/06,11:25:00,Yes,0.1,17.7,,7.8,,8,,41668,,13,,0,\N,0,,55,,0,,0.02,,0.28,,0.03,U,0.02,,0,,0,,0,,0,,0,,0,,0,,0,,0,,0,,0,,0,
B9980000,4/11/06,11:15:00,Yes,4,17.2,,7.7,,7.7,,43345,,0,,0,\N,0,,0,,0,,0,,0,,0,,0,,0,,0,,0,,0,,0,,0,,0,,0,,0,,0,,0,,0,
B9980000,4/11/06,11:15:00,Yes,2,17.2,,7.6,,7.7,,43409,,0,,0,\N,0,,0,,0,,0,,0,,0,,0,,0,,0,,0,,0,,0,,0,,0,,0,,0,,0,,0,,0,
B9980000,4/11/06,11:15:00,Yes,0.1,17.2,,7.5,,7.8,,43229,,6,,0,\N,0,,15,,0,,0.01,,5.27,,0.04,,0.1,,0,,0,,0,,0,,0,,0,,0,,0,,0,,0,,0,,0,
B9980000,5/9/06,0:15:00,Yes,2.2,21.1,,7.6,,6.4,,38865,,0,,0,\N,0,,0,,0,,0,,0,,0,,0,,0,,0,,0,,0,,0,,0,,0,,0,,0,,0,,0,,0,
B9980000,5/9/06,0:15:00,Yes,0.1,21.1,,7.6,,6.5,,38616,,8,,0,\N,0,,24,,0,,0.04,,0.7,,0.11,,0.03,,0,,0,,0,,0,,0,,0,,0,,0,,0,,0,,0,,0,
B9980000,5/9/06,0:15:00,Yes,4.4,21.1,,7.6,,6.4,,38900,,0,,0,\N,0,,0,,0,,0,,0,,0,,0,,0,,0,,0,,0,,0,,0,,0,,0,,0,,0,,0,,0,
B9980000,5/24/06,0:25:00,Yes,1.9,24.1,,7.7,,6.1,,45200,,0,,0,\N,0,,0,,0,,0,,0,,0,,0,,0,,0,,0,,0,,0,,0,,0,,0,,0,,0,,0,,0,
B9980000,5/24/06,0:25:00,Yes,0.1,24.2,,7.7,,6.3,,44497,,0,,0,\N,0,,0,,0,,0,,0,,0,,0,,0,,0,,0,,0,,0,,0,,0,,0,,0,,0,,0,,0,
B9980000,5/24/06,0:25:00,Yes,3.7,24.1,,7.7,,6.2,,45276,,0,,0,\N,0,,0,,0,,0,,0,,0,,0,,0,,0,,0,,0,,0,,0,,0,,0,,0,,0,,0,,0,
B9980000,6/6/06,11:10:00,Yes,3.9,25.5,,7.7,,4.3,,45187,,0,,0,\N,0,,0,,0,,0,,0,,0,,0,,0,,0,,0,,0,,0,,0,,0,,0,,0,,0,,0,,0,
B9980000,6/6/06,11:10:00,Yes,0.1,25.6,,7.7,,4.7,,44931,,10,,0,\N,0,,15,,0,,0.01,,0.19,,0.03,U,0.04,,0,,0,,0,,0,,0,,0,,0,,0,,0,,0,,0,,0,
B9980000,6/6/06,11:10:00,Yes,2,25.6,,7.7,,4.6,,44958,,0,,0,\N,0,,0,,0,,0,,0,,0,,0,,0,,0,,0,,0,,0,,0,,0,,0,,0,,0,,0,,0,
B9980000,6/19/06,11:07:00,Yes,4.2,26.9,,7.6,,5.3,,40461,,0,,0,\N,0,,0,,0,,0,,0,,0,,0,,0,,0,,0,,0,,0,,0,,0,,0,,0,,0,,0,,0,
B9980000,6/19/06,11:07:00,Yes,2.1,26.8,,7.7,,5.9,,37409,,0,,0,\N,0,,0,,0,,0,,0,,0,,0,,0,,0,,0,,0,,0,,0,,0,,0,,0,,0,,0,,0,
B9980000,6/19/06,11:07:00,Yes,0.1,26.5,,7.8,,6.3,,31160,,0,,0,\N,0,,0,,0,,0,,0,,0,,0,,0,,0,,0,,0,,0,,0,,0,,0,,0,,0,,0,,0,
B9980000,7/6/06,10:55:00,Yes,1.9,30,,7.5,,5.6,,37187,,0,,0,\N,0,,0,,0,,0,,0,,0,,0,,0,,0,,0,,0,,0,,0,,0,,0,,0,,0,,0,,0,
B9980000,7/6/06,10:55:00,Yes,0.1,30.3,,7.6,,6.5,,36441,,22,,0,\N,0,,27,,0,,0.01,U,0.65,,0.03,U,0.05,,0,,0,,0,,0,,0,,0,,0,,0,,0,,0,,0,,0,
B9980000,7/6/06,10:55:00,Yes,3.8,30,,7.5,,4.8,,38486,,0,,0,\N,0,,0,,0,,0,,0,,0,,0,,0,,0,,0,,0,,0,,0,,0,,0,,0,,0,,0,,0,
B9980000,7/18/06,11:12:00,Yes,0.1,29.5,,7.9,,6.7,,41044,,0,,0,\N,0,,0,,0,,0,,0,,0,,0,,0,,0,,0,,0,,0,,0,,0,,0,,0,,0,,0,,0,
B9980000,7/18/06,11:12:00,Yes,1.9,29.5,,7.9,,6.4,,42099,,0,,0,\N,0,,0,,0,,0,,0,,0,,0,,0,,0,,0,,0,,0,,0,,0,,0,,0,,0,,0,,0,
B9980000,7/18/06,11:12:00,Yes,3.8,29.8,,7.8,,5.3,,45940,,0,,0,\N,0,,0,,0,,0,,0,,0,,0,,0,,0,,0,,0,,0,,0,,0,,0,,0,,0,,0,,0,
B9980000,8/8/06,11:30:00,Yes,0.1,30.5,,7.6,,5.1,,45580,,2,,0,\N,0,,44,,0,,0.01,U,0.23,,0.03,U,0.09,,0,,0,,0,,0,,0,,0,,0,,0,,0,,0,,0,,0,
B9980000,8/8/06,11:30:00,Yes,1.8,30.5,,7.6,,5,,45897,,0,,0,\N,0,,0,,0,,0,,0,,0,,0,,0,,0,,0,,0,,0,,0,,0,,0,,0,,0,,0,,0,
B9980000,8/8/06,11:30:00,Yes,3.6,30.5,,7.6,,5,,46001,,0,,0,\N,0,,0,,0,,0,,0,,0,,0,,0,,0,,0,,0,,0,,0,,0,,0,,0,,0,,0,,0,
B9980000,8/23/06,11:46:00,Yes,4,28.8,,7.7,,5.1,,47993,,0,,0,\N,0,,0,,0,,0,,0,,0,,0,,0,,0,,0,,0,,0,,0,,0,,0,,0,,0,,0,,0,
B9980000,8/23/06,11:46:00,Yes,0.1,28.8,,7.7,,5.1,,48000,,0,,0,\N,0,,0,,0,,0,,0,,0,,0,,0,,0,,0,,0,,0,,0,,0,,0,,0,,0,,0,,0,
B9980000,8/23/06,11:46:00,Yes,2,28.8,,7.7,,5.1,,47999,,0,,0,\N,0,,0,,0,,0,,0,,0,,0,,0,,0,,0,,0,,0,,0,,0,,0,,0,,0,,0,,0,
B9980000,9/5/06,0:18:00,Yes,0.1,28.2,,7.3,,4.5,,26011,,56,,0,\N,0,,45,,0,,0.05,,1,,0.14,,0.08,,0,,0,,0,,0,,0,,0,,0,,0,,0,,0,,0,,0,
B9980000,9/5/06,0:18:00,Yes,1.8,28.2,,7.3,,4.5,,26016,,0,,0,\N,0,,0,,0,,0,,0,,0,,0,,0,,0,,0,,0,,0,,0,,0,,0,,0,,0,,0,,0,
B9980000,9/5/06,0:18:00,Yes,3.6,28.2,,7.3,,4.5,,26019,,0,,0,\N,0,,0,,0,,0,,0,,0,,0,,0,,0,,0,,0,,0,,0,,0,,0,,0,,0,,0,,0,
B9980000,9/19/06,10:45:00,Yes,2.2,25.4,,7.2,,4.8,,29950,,0,,0,\N,0,,0,,0,,0,,0,,0,,0,,0,,0,,0,,0,,0,,0,,0,,0,,0,,0,,0,,0,
B9980000,9/19/06,10:45:00,Yes,0.1,25.4,,7.2,,4.7,,29300,,0,,0,\N,0,,0,,0,,0,,0,,0,,0,,0,,0,,0,,0,,0,,0,,0,,0,,0,,0,,0,,0,
B9980000,9/19/06,10:45:00,Yes,4.4,25.4,,7.2,,4.8,,30196,,0,,0,\N,0,,0,,0,,0,,0,,0,,0,,0,,0,,0,,0,,0,,0,,0,,0,,0,,0,,0,,0,
B9980000,10/3/06,10:55:00,Yes,2.1,24,,7.4,,5.2,,43100,,0,,0,\N,0,,0,,0,,0,,0,,0,,0,,0,,0,,0,,0,,0,,0,,0,,0,,0,,0,,0,,0,
B9980000,10/3/06,10:55:00,Yes,0.1,24,,7.4,,5.3,,43084,,10,,0,\N,0,,14,,0,,0.02,,0.2,,0.02,U,0.02,,0,,0,,0,,0,,0,,0,,0,,0,,0,,0,,0,,0,
B9980000,10/3/06,10:55:00,Yes,4.2,24,,7.4,,5.3,,43111,,0,,0,\N,0,,0,,0,,0,,0,,0,,0,,0,,0,,0,,0,,0,,0,,0,,0,,0,,0,,0,,0,
B9980000,11/9/06,0:15:00,Yes,2.3,17.1,,7.8,,8.1,,45807,,0,,0,\N,0,,0,,0,,0,,0,,0,,0,,0,,0,,0,,0,,0,,0,,0,,0,,0,,0,,0,,0,
B9980000,11/9/06,0:15:00,Yes,4.5,17,,7.8,,8,,47009,,0,,0,\N,0,,0,,0,,0,,0,,0,,0,,0,,0,,0,,0,,0,,0,,0,,0,,0,,0,,0,,0,
B9980000,11/9/06,0:15:00,Yes,0.1,17.3,,7.8,,8,,42866,,6,,0,\N,0,,20,,0,,0.01,U,0.2,,0.06,,0.02,,0,,0,,0,,0,,0,,0,,0,,0,,0,,0,,0,,0,
B9980000,12/5/06,11:00:00,Yes,0.1,12.5,,7.6,,8.5,,21702,,60,,0,\N,0,,20,,0,,0.01,U,0.2,,0.18,,0.03,,0,,0,,0,,0,,0,,0,,0,,0,,0,,0,,0,,0,
B9980000,12/5/06,11:00:00,Yes,3.9,13.2,,7.9,,8.3,,29137,,0,,0,\N,0,,0,,0,,0,,0,,0,,0,,0,,0,,0,,0,,0,,0,,0,,0,,0,,0,,0,,0,
B9980000,12/5/06,11:00:00,Yes,2,12.7,,7.8,,8.4,,23997,,0,,0,\N,0,,0,,0,,0,,0,,0,,0,,0,,0,,0,,0,,0,,0,,0,,0,,0,,0,,0,,0,
B9980000,1/4/07,10:28:00,Yes,5.4,14.3,,8,,7.8,,37238,,0,,0,\N,0,,0,,0,,0,,0,,0,,0,,0,,0,,0,,0,,0,,0,,0,,0,,0,,0,,0,,0,
B9980000,1/4/07,10:28:00,Yes,2.7,14.1,,8,,7.8,,32985,,0,,0,\N,0,,0,,0,,0,,0,,0,,0,,0,,0,,0,,0,,0,,0,,0,,0,,0,,0,,0,,0,
B9980000,1/4/07,10:28:00,Yes,0.1,13.9,,7.9,,8,,26227,,17,,0,\N,0,,9,,0,,0.01,,0.4,,0.11,,0.06,,0,,0,,0,,0,,0,,0,,0,,0,,0,,0,,0,,0,
B9980000,2/13/07,10:15:00,Yes,2.1,9.4,,8,,9.9,,31075,,0,,0,\N,0,,0,,0,,0,,0,,0,,0,,0,,0,,0,,0,,0,,0,,0,,0,,0,,0,,0,,0,
B9980000,2/13/07,10:15:00,Yes,4.2,9.4,,8,,9.8,,33012,,0,,0,\N,0,,0,,0,,0,,0,,0,,0,,0,,0,,0,,0,,0,,0,,0,,0,,0,,0,,0,,0,
B9980000,2/13/07,10:15:00,Yes,0.1,9.7,,8,,10,,30126,,4,,0,\N,0,,12,,0,,0.02,,0.9,,0.02,,0.03,,0,,0,,0,,0,,0,,0,,0,,0,,0,,0,,0,,0,
B9980000,3/6/07,10:50:00,Yes,4.5,11.6,,8,,9.1,,37743,,0,,0,\N,0,,0,,0,,0,,0,,0,,0,,0,,0,,0,,0,,0,,0,,0,,0,,0,,0,,0,,0,
B9980000,3/6/07,10:50:00,Yes,2.2,11.7,,8,,9.2,,32649,,0,,0,\N,0,,0,,0,,0,,0,,0,,0,,0,,0,,0,,0,,0,,0,,0,,0,,0,,0,,0,,0,
B9980000,3/6/07,10:50:00,Yes,0.1,12.2,,8,,9.6,,27258,,6,,0,\N,0,,15,,0,,0.02,,0.9,,0.18,,0.04,,0,,0,,0,,0,,0,,0,,0,,0,,0,,0,,0,,0,
B9980000,4/3/07,10:25:00,Yes,2.6,18,,8,,8.2,,42483,,0,,0,\N,0,,0,,0,,0,,0,,0,,0,,0,,0,,0,,0,,0,,0,,0,,0,,0,,0,,0,,0,
B9980000,4/3/07,10:25:00,Yes,5.1,17.9,,8,,8.2,,44449,,0,,0,\N,0,,0,,0,,0,,0,,0,,0,,0,,0,,0,,0,,0,,0,,0,,0,,0,,0,,0,,0,
B9980000,4/3/07,10:25:00,Yes,0.1,18.5,,8,,8.6,,39553,,7,,0,\N,0,,8,,0,,0.01,U,0.4,,0.04,,0.02,U,0,,0,,0,,0,,0,,0,,0,,0,,0,,0,,0,,0,
B9980000,5/1/07,10:50:00,Yes,0.1,21.4,,7.9,,7.2,,35571,,16,,0,\N,0,,32,,0,,0.01,,0.1,,0.05,,0.04,,0,,0,,0,,0,,0,,0,,0,,0,,0,,0,,0,,0,
B9980000,5/1/07,10:50:00,Yes,3.7,20.8,,7.9,,7.2,,37103,,0,,0,\N,0,,0,,0,,0,,0,,0,,0,,0,,0,,0,,0,,0,,0,,0,,0,,0,,0,,0,,0,
B9980000,5/1/07,10:50:00,Yes,1.8,21,,7.9,,7.2,,36187,,0,,0,\N,0,,0,,0,,0,,0,,0,,0,,0,,0,,0,,0,,0,,0,,0,,0,,0,,0,,0,,0,
B9980000,5/22/07,10:40:00,Yes,0.1,23.1,,8,,7.8,,45850,,0,,0,\N,0,,0,,0,,0,,0,,0,,0,,0,,0,,0,,0,,0,,0,,0,,0,,0,,0,,0,,0,
B9980000,6/5/07,10:45:00,Yes,0.1,25.1,,7.9,,6.8,,48871,,2,B2,0,\N,0,,15,,0,,0.02,,0.7,,0.02,U,0.04,,0,,0,,0,,0,,0,,0,,0,,0,,0,,0,,0,,0,
B9980000,6/5/07,10:45:00,Yes,2.1,24.9,,7.9,,6.7,,49189,,0,,0,\N,0,,0,,0,,0,,0,,0,,0,,0,,0,,0,,0,,0,,0,,0,,0,,0,,0,,0,,0,
B9980000,6/5/07,10:45:00,Yes,4.2,24.8,,7.9,,6.6,,49218,,0,,0,\N,0,,0,,0,,0,,0,,0,,0,,0,,0,,0,,0,,0,,0,,0,,0,,0,,0,,0,,0,
B9980000,6/18/07,11:00:00,Yes,0.1,26.1,,7.9,,6.2,,50084,,0,,0,\N,0,,0,,0,,0,,0,,0,,0,,0,,0,,0,,0,,0,,0,,0,,0,,0,,0,,0,,0,
B9980000,7/10/07,11:00:00,Yes,0.1,29,,7.6,,4.9,,52677,,8,,0,\N,0,,12,,0,,0.01,,0.2,,0.02,U,0.05,,0,,0,,0,,0,,0,,0,,0,,0,,0,,0,,0,,0,
B9980000,7/10/07,11:00:00,Yes,1.5,28.8,,7.6,,4.9,,52630,,0,,0,\N,0,,0,,0,,0,,0,,0,,0,,0,,0,,0,,0,,0,,0,,0,,0,,0,,0,,0,,0,
B9980000,7/10/07,11:00:00,Yes,3.1,28.8,,7.6,,4.8,,52681,,0,,0,\N,0,,0,,0,,0,,0,,0,,0,,0,,0,,0,,0,,0,,0,,0,,0,,0,,0,,0,,0,
B9980000,7/25/07,14:25:00,Yes,0.1,27.3,,8,,7.2,,47184,,0,,0,\N,0,,0,,0,,0,,0,,0,,0,,0,,0,,0,,0,,0,,0,,0,,0,,0,,0,,0,,0,
B9980000,8/7/07,10:04:00,Yes,2.1,30.1,,7.7,,4.4,,53132,,0,,0,\N,0,,0,,0,,0,,0,,0,,0,,0,,0,,0,,0,,0,,0,,0,,0,,0,,0,,0,,0,
B9980000,8/7/07,10:04:00,Yes,0.1,30.2,,7.7,,4.5,,52722,,2,,0,\N,0,,8,,0,,0.01,,0.4,,0.02,U,0.04,,0,,0,,0,,0,,0,,0,,0,,0,,0,,0,,0,,0,
B9980000,8/7/07,10:04:00,Yes,4.2,30.1,,7.7,,4.1,,53222,,0,,0,\N,0,,0,,0,,0,,0,,0,,0,,0,,0,,0,,0,,0,,0,,0,,0,,0,,0,,0,,0,
B9980000,8/24/07,11:00:00,Yes,0.1,33.9,,7.7,,4.6,,51760,,0,,0,\N,0,,0,,0,,0,,0,,0,,0,,0,,0,,0,,0,,0,,0,,0,,0,,0,,0,,0,,0,
B9980000,9/11/07,10:50:00,Yes,4.3,27.3,,7.9,,6.3,,52535,,0,,0,\N,0,,0,,0,,0,,0,,0,,0,,0,,0,,0,,0,,0,,0,,0,,0,,0,,0,,0,,0,
B9980000,9/11/07,10:50:00,Yes,2.2,27.3,,7.9,,6.2,,52575,,0,,0,\N,0,,0,,0,,0,,0,,0,,0,,0,,0,,0,,0,,0,,0,,0,,0,,0,,0,,0,,0,
B9980000,9/11/07,10:50:00,Yes,0.1,27.4,,7.9,,6.4,,52543,,2,B2,0,\N,0,,9,,0,,0.01,U,0.5,,0.02,U,0.02,U,0,,0,,0,,0,,0,,0,,0,,0,,0,,0,,0,,0,
B9980000,9/24/07,10:05:00,Yes,0.1,26.8,,7.7,,5.5,,50944,,0,,0,\N,0,,0,,0,,0,,0,,0,,0,,0,,0,,0,,0,,0,,0,,0,,0,,0,,0,,0,,0,
B9980000,10/9/07,11:00:00,Yes,0.1,25.9,,7.8,,5.1,,52323,,4,,0,\N,0,,31,,0,,0.02,,0.2,,0.02,U,0.05,,0,,0,,0,,0,,0,,0,,0,,0,,0,,0,,0,,0,
B9980000,10/9/07,11:00:00,Yes,2.3,25.8,,7.8,,5.1,,52360,,0,,0,\N,0,,0,,0,,0,,0,,0,,0,,0,,0,,0,,0,,0,,0,,0,,0,,0,,0,,0,,0,
B9980000,10/9/07,11:00:00,Yes,4.6,25.8,,7.8,,5.1,,52334,,0,,0,\N,0,,0,,0,,0,,0,,0,,0,,0,,0,,0,,0,,0,,0,,0,,0,,0,,0,,0,,0,
B9980000,11/13/07,11:40:00,Yes,2.4,15.4,,8,,8.2,,49923,,0,,0,\N,0,,0,,0,,0,,0,,0,,0,,0,,0,,0,,0,,0,,0,,0,,0,,0,,0,,0,,0,
B9980000,11/13/07,11:40:00,Yes,4.8,15.4,,8,,8.2,,49807,,0,,0,\N,0,,0,,0,,0,,0,,0,,0,,0,,0,,0,,0,,0,,0,,0,,0,,0,,0,,0,,0,
B9980000,11/13/07,11:40:00,Yes,0.1,15.5,,8,,8.3,,49286,,1,B2,0,\N,0,,13,,0,,0.01,U,0.3,,0.09,,0.03,,0,,0,,0,,0,,0,,0,,0,,0,,0,,0,,0,,0,
B9980000,12/11/07,10:55:00,Yes,4.1,13.6,,8.3,,9,,51043,,0,,0,\N,0,,0,,0,,0,,0,,0,,0,,0,,0,,0,,0,,0,,0,,0,,0,,0,,0,,0,,0,
B9980000,12/11/07,10:55:00,Yes,0.1,14.7,,8.4,,9,,49949,,1,B2,0,\N,0,,16,,0,,0.01,U,0.2,,0.05,,0.02,,0,,0,,0,,0,,0,,0,,0,,0,,0,,0,,0,,0,
B9980000,12/11/07,10:55:00,Yes,2,13.6,,8.4,,9,,51040,,0,,0,\N,0,,0,,0,,0,,0,,0,,0,,0,,0,,0,,0,,0,,0,,0,,0,,0,,0,,0,,0,
B9980000,1/8/08,11:00:00,Yes,0.1,11.3,,8,,9.4,,42681,,2,B1,0,\N,0,,20,,0,,0.01,,0.1,,0.16,,0.04,,0,,0,,0,,0,,0,,0,,0,,0,,0,,0,,0,,0,
B9980000,1/8/08,11:00:00,Yes,1.8,11.2,,8,,9.4,,42621,,0,,0,\N,0,,0,,0,,0,,0,,0,,0,,0,,0,,0,,0,,0,,0,,0,,0,,0,,0,,0,,0,
B9980000,1/8/08,11:00:00,Yes,3.7,11.2,,8,,9.4,,42624,,0,,0,\N,0,,0,,0,,0,,0,,0,,0,,0,,0,,0,,0,,0,,0,,0,,0,,0,,0,,0,,0,
B9980000,2/20/08,11:30:00,Yes,0.1,13,,8,,8.8,,43848,,10,B1,0,\N,0,,24,,0,,0.01,U,0.4,,0.07,,0.05,,0,,0,,0,,0,,0,,0,,0,,0,,0,,0,,0,,0,
B9980000,2/20/08,11:30:00,Yes,1.4,13,,8,,8.8,,44018,,0,,0,\N,0,,0,,0,,0,,0,,0,,0,,0,,0,,0,,0,,0,,0,,0,,0,,0,,0,,0,,0,
B9980000,2/20/08,11:30:00,Yes,2.8,13,,8,,8.9,,44111,,0,,0,\N,0,,0,,0,,0,,0,,0,,0,,0,,0,,0,,0,,0,,0,,0,,0,,0,,0,,0,,0,
B9980000,3/11/08,11:55:00,Yes,0.1,14.8,,8.1,,9,,34048,,9,B1,0,\N,0,,17,,0,,0.03,,0.5,,0.12,,0.05,,0,,0,,0,,0,,0,,0,,0,,0,,0,,0,,0,,0,
B9980000,3/11/08,11:55:00,Yes,2.2,14.1,,8.1,,8.8,,39971,,0,,0,\N,0,,0,,0,,0,,0,,0,,0,,0,,0,,0,,0,,0,,0,,0,,0,,0,,0,,0,,0,
B9980000,3/11/08,11:55:00,Yes,4.5,14,,8.1,,8.7,,44123,,0,,0,\N,0,,0,,0,,0,,0,,0,,0,,0,,0,,0,,0,,0,,0,,0,,0,,0,,0,,0,,0,
B9980000,4/24/08,11:10:00,Yes,0.1,20.2,,7.9,,7.6,,34888,,6,B1,0,\N,0,,8,,0,,0.02,,0.3,,0.05,,0.04,,0,,0,,0,,0,,0,,0,,0,,0,,0,,0,,0,,0,
B9980000,4/24/08,11:10:00,Yes,2.2,19.9,,7.9,,7.5,,34950,,0,,0,\N,0,,0,,0,,0,,0,,0,,0,,0,,0,,0,,0,,0,,0,,0,,0,,0,,0,,0,,0,
B9980000,4/24/08,11:10:00,Yes,4.3,19.1,,7.9,,7.3,,38817,,0,,0,\N,0,,0,,0,,0,,0,,0,,0,,0,,0,,0,,0,,0,,0,,0,,0,,0,,0,,0,,0,
B9980000,5/6/08,10:45:00,Yes,0.1,21.9,,7.8,,6.7,,42087,,8,B1,0,\N,0,,24,,0,,0.02,,0.1,U,0.07,,0.05,,0,,0,,0,,0,,0,,0,,0,,0,,0,,0,,0,,0,
B9980000,5/6/08,10:45:00,Yes,2,21.6,,7.8,,6.6,,43402,,0,,0,\N,0,,0,,0,,0,,0,,0,,0,,0,,0,,0,,0,,0,,0,,0,,0,,0,,0,,0,,0,
B9980000,5/6/08,10:45:00,Yes,3.9,21.3,,7.9,,6.7,,46523,,0,,0,\N,0,,0,,0,,0,,0,,0,,0,,0,,0,,0,,0,,0,,0,,0,,0,,0,,0,,0,,0,
B9980000,5/19/08,10:26:00,Yes,0.1,22.6,,7.8,,6.9,,43709,,0,,0,\N,0,,0,,0,,0,,0,,0,,0,,0,,0,,0,,0,,0,,0,,0,,0,,0,,0,,0,,0,
B9980000,6/16/08,11:40:00,Yes,0.1,28.7,,7.7,,5.1,,50449,,2,B1,0,\N,0,,9,,0,,0.05,,0.6,,0.02,U,0.06,,0,,0,,0,,0,,0,,0,,0,,0,,0,,0,,0,,0,
B9980000,6/16/08,11:40:00,Yes,1.7,28.6,,7.6,,4.5,,51133,,0,,0,\N,0,,0,,0,,0,,0,,0,,0,,0,,0,,0,,0,,0,,0,,0,,0,,0,,0,,0,,0,
B9980000,6/16/08,11:40:00,Yes,3.5,28.6,,7.6,,4.5,,51276,,0,,0,\N,0,,0,,0,,0,,0,,0,,0,,0,,0,,0,,0,,0,,0,,0,,0,,0,,0,,0,,0,
B9980000,6/25/08,10:08:00,Yes,0.1,27.6,,8,,6.5,,46300,,0,,0,\N,0,,0,,0,,0,,0,,0,,0,,0,,0,,0,,0,,0,,0,,0,,0,,0,,0,,0,,0,
B9980000,7/10/08,11:10:00,Yes,0.1,28.2,,7.8,,5.7,,53502,,3,B1,0,\N,0,,10,,0,,0.01,U,0.2,,0.02,U,0.03,,0,,0,,0,,0,,0,,0,,0,,0,,0,,0,,0,,0,
B9980000,7/10/08,11:10:00,Yes,2,28.1,,7.8,,5.5,,53431,,0,,0,\N,0,,0,,0,,0,,0,,0,,0,,0,,0,,0,,0,,0,,0,,0,,0,,0,,0,,0,,0,
B9980000,7/10/08,11:10:00,Yes,4,28.1,,7.8,,5.5,,53515,,0,,0,\N,0,,0,,0,,0,,0,,0,,0,,0,,0,,0,,0,,0,,0,,0,,0,,0,,0,,0,,0,
B9980000,7/24/08,11:40:00,Yes,0.1,28.9,,8.1,,5.9,,50026,,0,,0,\N,0,,0,,0,,0,,0,,0,,0,,0,,0,,0,,0,,0,,0,,0,,0,,0,,0,,0,,0,
B9980000,8/7/08,11:20:00,Yes,0.1,30.5,,8,,6,,49357,,2,B2,0,\N,0,,16,,0,,0.01,,0.7,,0.02,U,0.03,,0,,0,,0,,0,,0,,0,,0,,0,,0,,0,,0,,0,
B9980000,8/7/08,11:20:00,Yes,2.3,30.2,,8,,5.5,,50235,,0,,0,\N,0,,0,,0,,0,,0,,0,,0,,0,,0,,0,,0,,0,,0,,0,,0,,0,,0,,0,,0,
B9980000,8/7/08,11:20:00,Yes,4.7,30.2,,8,,5.5,,50287,,0,,0,\N,0,,0,,0,,0,,0,,0,,0,,0,,0,,0,,0,,0,,0,,0,,0,,0,,0,,0,,0,
B9980000,8/27/08,12:06:00,Yes,0.1,28.4,,7.4,,4.6,,48795,,0,,0,\N,0,,0,,0,,0,,0,,0,,0,,0,,0,,0,,0,,0,,0,,0,,0,,0,,0,,0,,0,
B9980000,9/2/08,12:10:00,Yes,0.1,28.1,,8,,6.8,,45200,,1,B1,0,\N,0,,10,,0,,0.01,U,0.2,,0.06,,0.03,,0,,0,,0,,0,,0,,0,,0,,0,,0,,0,,0,,0,
B9980000,9/2/08,12:10:00,Yes,2.5,28,,8,,6.5,,46578,,0,,0,\N,0,,0,,0,,0,,0,,0,,0,,0,,0,,0,,0,,0,,0,,0,,0,,0,,0,,0,,0,
B9980000,9/2/08,12:10:00,Yes,5.1,27.9,,8,,6,,49271,,0,,0,\N,0,,0,,0,,0,,0,,0,,0,,0,,0,,0,,0,,0,,0,,0,,0,,0,,0,,0,,0,
B9980000,9/16/08,11:35:00,Yes,0.1,28.2,,7.7,,5.2,,30444,,0,,0,\N,0,,0,,0,,0,,0,,0,,0,,0,,0,,0,,0,,0,,0,,0,,0,,0,,0,,0,,0,
B9980000,10/1/08,11:32:00,Yes,0.1,24.6,,7.9,,6.2,,45561,,11,B1,0,\N,0,,8,,0,,0.01,,0.3,,0.05,,0.03,,0,,0,,0,,0,,0,,0,,0,,0,,0,,0,,0,,0,
B9980000,10/1/08,11:32:00,Yes,2.5,24.2,,8,,6.2,,49277,,0,,0,\N,0,,0,,0,,0,,0,,0,,0,,0,,0,,0,,0,,0,,0,,0,,0,,0,,0,,0,,0,
B9980000,10/1/08,11:32:00,Yes,5,24.2,,8,,6.2,,49350,,0,,0,\N,0,,0,,0,,0,,0,,0,,0,,0,,0,,0,,0,,0,,0,,0,,0,,0,,0,,0,,0,
B9980000,11/11/08,11:45:00,Yes,0.1,15.4,,7.6,,7.1,,47355,,4,B1,0,\N,0,,20,,0,,0,,0.4,,0.03,,0,,0,,0,,0,,0,,0,,0,,0,,0,,0,,0,,0,,0,
B9980000,11/11/08,11:45:00,Yes,1.7,15.4,,7.6,,7,,47350,,0,,0,\N,0,,0,,0,,0,,0,,0,,0,,0,,0,,0,,0,,0,,0,,0,,0,,0,,0,,0,,0,
B9980000,11/11/08,11:45:00,Yes,3.5,15.4,,7.6,,7,,47338,,0,,0,\N,0,,0,,0,,0,,0,,0,,0,,0,,0,,0,,0,,0,,0,,0,,0,,0,,0,,0,,0,
B9980000,12/9/08,11:40:00,Yes,0.1,10.8,,7.7,,8.6,,39156,,13,B1,0,\N,0,,14,,0,,0.03,,0.2,,0.09,,0.02,U,0,,0,,0,,0,,0,,0,,0,,0,,0,,0,,0,,0,
B9980000,12/9/08,11:40:00,Yes,2,10.7,,7.7,,8.5,,39436,,0,,0,\N,0,,0,,0,,0,,0,,0,,0,,0,,0,,0,,0,,0,,0,,0,,0,,0,,0,,0,,0,
B9980000,12/9/08,11:40:00,Yes,3.9,10.6,,7.7,,8.5,,39729,,0,,0,\N,0,,0,,0,,0,,0,,0,,0,,0,,0,,0,,0,,0,,0,,0,,0,,0,,0,,0,,0,
B9980000,1/12/09,11:07:00,Yes,0.1,12.1,,7.8,,9.3,,34223,,4,B2,0,\N,0,,42,,0,,0.01,,0.4,,0.2,,0.07,,0,,0,,0,,0,,0,,0,,0,,0,,0,,0,,0,,0,
B9980000,1/12/09,11:07:00,Yes,2.2,12.1,,7.8,,9.3,,34437,,0,,0,\N,0,,0,,0,,0,,0,,0,,0,,0,,0,,0,,0,,0,,0,,0,,0,,0,,0,,0,,0,
B9980000,1/12/09,11:07:00,Yes,4.4,12.2,,7.8,,9.3,,35746,,0,,0,\N,0,,0,,0,,0,,0,,0,,0,,0,,0,,0,,0,,0,,0,,0,,0,,0,,0,,0,,0,
B9980000,2/11/09,10:50:00,Yes,0.1,10.5,,7.9,,10,,41670,,4,B2,0,\N,0,,18,,0,,0.01,,0.4,,0.11,,0.04,,0,,0,,0,,0,,0,,0,,0,,0,,0,,0,,0,,0,
B9980000,2/11/09,10:50:00,Yes,2.5,10,,7.8,,9.7,,44654,,0,,0,\N,0,,0,,0,,0,,0,,0,,0,,0,,0,,0,,0,,0,,0,,0,,0,,0,,0,,0,,0,
B9980000,2/11/09,10:50:00,Yes,5,9.9,,7.8,,9.7,,46844,,0,,0,\N,0,,0,,0,,0,,0,,0,,0,,0,,0,,0,,0,,0,,0,,0,,0,,0,,0,,0,,0,
B9980000,3/30/09,11:00:00,Yes,0.1,16.4,,7.9,,8.2,,34349,,10,B1,0,\N,0,,20,,0,,0.02,,0.5,,0.18,,0.04,,0,,0,,0,,0,,0,,0,,0,,0,,0,,0,,0,,0,
B9980000,3/30/09,11:00:00,Yes,2,16.3,,7.9,,7.9,,36558,,0,,0,\N,0,,0,,0,,0,,0,,0,,0,,0,,0,,0,,0,,0,,0,,0,,0,,0,,0,,0,,0,
B9980000,3/30/09,11:00:00,Yes,4,16.3,,7.9,,8,,37837,,0,,0,\N,0,,0,,0,,0,,0,,0,,0,,0,,0,,0,,0,,0,,0,,0,,0,,0,,0,,0,,0,
B9980000,4/22/09,10:04:00,Yes,0.1,19.4,,7.7,,7.2,,41062,,15,B1,0,\N,0,,22,,0,,0.01,U,0.5,,0.02,U,0.07,,0,,0,,0,,0,,0,,0,,0,,0,,0,,0,,0,,0,
B9980000,4/22/09,10:04:00,Yes,1.7,19.4,,7.7,,7.2,,40860,,0,,0,\N,0,,0,,0,,0,,0,,0,,0,,0,,0,,0,,0,,0,,0,,0,,0,,0,,0,,0,,0,
B9980000,4/22/09,10:04:00,Yes,3.5,19.4,,7.7,,7.2,,40833,,0,,0,\N,0,,0,,0,,0,,0,,0,,0,,0,,0,,0,,0,,0,,0,,0,,0,,0,,0,,0,,0,
B9980000,5/11/09,11:20:00,Yes,0.1,24.9,,7.9,,7.2,,41759,,5,B2,0,\N,0,,18,,0,,0.01,U,0.3,,0.04,,0.03,,0,,0,,0,,0,,0,,0,,0,,0,,0,,0,,0,,0,
B9980000,5/11/09,11:20:00,Yes,1.9,24.8,,7.9,,7.1,,42020,,0,,0,\N,0,,0,,0,,0,,0,,0,,0,,0,,0,,0,,0,,0,,0,,0,,0,,0,,0,,0,,0,
B9980000,5/11/09,11:20:00,Yes,3.8,24.6,,7.9,,6.8,,43501,,0,,0,\N,0,,0,,0,,0,,0,,0,,0,,0,,0,,0,,0,,0,,0,,0,,0,,0,,0,,0,,0,
B9980000,5/22/09,10:50:00,Yes,0.1,21.8,,7.6,,6,,40633,,0,,0,\N,0,,0,,0,,0,,0,,0,,0,,0,,0,,0,,0,,0,,0,,0,,0,,0,,0,,0,,0,
B9980000,6/2/09,10:30:00,Yes,0.1,27.6,,7.5,,5,,45591,,5,B1,0,\N,0,,21,,0,,0.01,U,0.3,,0.02,U,0.02,U,0,,0,,0,,0,,0,,0,,0,,0,,0,,0,,0,,0,
B9980000,6/2/09,10:30:00,Yes,1.7,27.6,,7.5,,4.9,,45984,,0,,0,\N,0,,0,,0,,0,,0,,0,,0,,0,,0,,0,,0,,0,,0,,0,,0,,0,,0,,0,,0,
B9980000,6/2/09,10:30:00,Yes,3.5,27.6,,7.5,,5,,46011,,0,,0,\N,0,,0,,0,,0,,0,,0,,0,,0,,0,,0,,0,,0,,0,,0,,0,,0,,0,,0,,0,
B9980000,6/18/09,11:29:00,Yes,0.1,28.2,,7.5,,5.3,,40493,,0,,0,\N,0,,0,,0,,0,,0,,0,,0,,0,,0,,0,,0,,0,,0,,0,,0,,0,,0,,0,,0,
B9980000,7/7/09,11:20:00,Yes,0.1,28.1,,7.8,,5.2,,48112,,5,B1,0,\N,0,,26,,0,,0.01,U,0.6,,0.02,U,0.05,,0,,0,,0,,0,,0,,0,,0,,0,,0,,0,,0,,0,
B9980000,7/7/09,11:20:00,Yes,2.3,28.1,,7.8,,5.2,,48114,,0,,0,\N,0,,0,,0,,0,,0,,0,,0,,0,,0,,0,,0,,0,,0,,0,,0,,0,,0,,0,,0,
B9980000,7/7/09,11:20:00,Yes,4.5,28.1,,7.8,,5.1,,48134,,0,,0,\N,0,,0,,0,,0,,0,,0,,0,,0,,0,,0,,0,,0,,0,,0,,0,,0,,0,,0,,0,
B9980000,7/23/09,10:28:00,Yes,0.1,28.2,,7.9,,6.2,,49845,,0,,0,\N,0,,0,,0,,0,,0,,0,,0,,0,,0,,0,,0,,0,,0,,0,,0,,0,,0,,0,,0,
B9980000,8/3/09,11:20:00,Yes,0.1,29.1,,7.8,,5.2,,51244,,2,B1,0,\N,0,,21,,0,,0.01,U,0.6,,0.02,U,0.05,,0,,0,,0,,0,,0,,0,,0,,0,,0,,0,,0,,0,
B9980000,8/3/09,11:20:00,Yes,2,28.9,,7.7,,4.9,,51423,,0,,0,\N,0,,0,,0,,0,,0,,0,,0,,0,,0,,0,,0,,0,,0,,0,,0,,0,,0,,0,,0,
B9980000,8/3/09,11:20:00,Yes,3.9,28.9,,7.7,,4.9,,51447,,0,,0,\N,0,,0,,0,,0,,0,,0,,0,,0,,0,,0,,0,,0,,0,,0,,0,,0,,0,,0,,0,
B9980000,8/17/09,11:55:00,Yes,0.1,29.6,,7.6,,4.8,,48935,,0,,0,\N,0,,0,,0,,0,,0,,0,,0,,0,,0,,0,,0,,0,,0,,0,,0,,0,,0,,0,,0,
B9980000,9/1/09,10:55:00,Yes,0.1,27.5,,7.6,,4.6,,46475,,19,B1,0,\N,0,,12,,0,,0.01,,0.6,,0.04,,0.05,,0,,0,,0,,0,,0,,0,,0,,0,,0,,0,,0,,0,
B9980000,9/1/09,10:55:00,Yes,2,27.5,,7.6,,4.6,,46298,,0,,0,\N,0,,0,,0,,0,,0,,0,,0,,0,,0,,0,,0,,0,,0,,0,,0,,0,,0,,0,,0,
B9980000,9/1/09,10:55:00,Yes,4,27.5,,7.5,,4.5,,46373,,0,,0,\N,0,,0,,0,,0,,0,,0,,0,,0,,0,,0,,0,,0,,0,,0,,0,,0,,0,,0,,0,
B9980000,9/15/09,12:55:00,Yes,0.1,26.6,,7.7,,5.6,,48474,,0,,0,\N,0,,0,,0,,0,,0,,0,,0,,0,,0,,0,,0,,0,,0,,0,,0,,0,,0,,0,,0,
B9980000,10/6/09,11:15:00,Yes,0.1,24,,7.8,,6.2,,47583,,19,B1,0,\N,0,,21,,0,,0.01,,0.2,U,0.06,,0.05,,0,,0,,0,,0,,0,,0,,0,,0,,0,,0,,0,,0,
B9980000,10/6/09,11:15:00,Yes,2.7,24.1,,7.9,,6.1,,49582,,0,,0,\N,0,,0,,0,,0,,0,,0,,0,,0,,0,,0,,0,,0,,0,,0,,0,,0,,0,,0,,0,
B9980000,10/6/09,11:15:00,Yes,5.5,24.1,,7.8,,5.9,,50132,,0,,0,\N,0,,0,,0,,0,,0,,0,,0,,0,,0,,0,,0,,0,,0,,0,,0,,0,,0,,0,,0,
B9980000,11/17/09,11:00:00,Yes,0.1,16.7,,7.7,,7.6,,34501,,28,B1,0,\N,0,,23,,0,,0.08,,0.2,,0.21,,0.04,,0,,0,,0,,0,,0,,0,,0,,0,,0,,0,,0,,0,
B9980000,11/17/09,11:00:00,Yes,2,16.7,,7.7,,7.6,,34594,,0,,0,\N,0,,0,,0,,0,,0,,0,,0,,0,,0,,0,,0,,0,,0,,0,,0,,0,,0,,0,,0,
B9980000,11/17/09,11:00:00,Yes,4.1,16.8,,7.6,,7.7,,35514,,0,,0,\N,0,,0,,0,,0,,0,,0,,0,,0,,0,,0,,0,,0,,0,,0,,0,,0,,0,,0,,0,
B9980000,12/1/09,10:50:00,Yes,0.1,13.8,,7.7,,7.7,,34380,,55,B1,0,\N,0,,16,,0,,0.06,,0.3,,0.15,,0.04,,0,,0,,0,,0,,0,,0,,0,,0,,0,,0,,0,,0,
B9980000,12/1/09,10:50:00,Yes,2,13.8,,7.7,,7.7,,34481,,0,,0,\N,0,,0,,0,,0,,0,,0,,0,,0,,0,,0,,0,,0,,0,,0,,0,,0,,0,,0,,0,
B9980000,12/1/09,10:50:00,Yes,4,14,,7.7,,7.8,,34917,,0,,0,\N,0,,0,,0,,0,,0,,0,,0,,0,,0,,0,,0,,0,,0,,0,,0,,0,,0,,0,,0,
B9980000,1/14/10,11:50:00,Yes,0.1,5.4,,8,,10,,36352,,10,B2,0,\N,0,,10,,0,,0.02,,0.3,,0.18,,0.05,,0,,0,,0,,0,,0,,0,,0,,0,,0,,0,,0,,0,
B9980000,1/14/10,11:50:00,Yes,2,5.3,,8,,10.3,,36600,,0,,0,\N,0,,0,,0,,0,,0,,0,,0,,0,,0,,0,,0,,0,,0,,0,,0,,0,,0,,0,,0,
B9980000,1/14/10,11:50:00,Yes,3.9,5.4,,8.1,,10.3,,37026,,0,,0,\N,0,,0,,0,,0,,0,,0,,0,,0,,0,,0,,0,,0,,0,,0,,0,,0,,0,,0,,0,
B9980000,2/17/10,11:20:00,Yes,0.1,6.7,,7.8,,11.3,,12276,,10,B1,0,\N,0,,18,,0,,0.02,,0.4,,0.49,,0.05,,0,,0,,0,,0,,0,,0,,0,,0,,0,,0,,0,,0,
B9980000,2/17/10,11:20:00,Yes,2,7.1,,7.7,,10.6,,28343,,0,,0,\N,0,,0,,0,,0,,0,,0,,0,,0,,0,,0,,0,,0,,0,,0,,0,,0,,0,,0,,0,
B9980000,2/17/10,11:20:00,Yes,4.2,8,,7.4,,9.9,,41997,,0,,0,\N,0,,0,,0,,0,,0,,0,,0,,0,,0,,0,,0,,0,,0,,0,,0,,0,,0,,0,,0,
B9980000,3/9/10,10:20:00,Yes,0.1,10.5,,7.7,,10.4,,29800,,10,B2,0,\N,0,,8,,0,,0.01,,0.2,,0.25,,0.03,,0,,0,,0,,0,,0,,0,,0,,0,,0,,0,,0,,0,
B9980000,3/9/10,10:20:00,Yes,2.1,10.4,,7.7,,10.2,,31935,,0,,0,\N,0,,0,,0,,0,,0,,0,,0,,0,,0,,0,,0,,0,,0,,0,,0,,0,,0,,0,,0,
B9980000,3/9/10,10:20:00,Yes,4.2,10.4,,7.6,,10.2,,32238,,0,,0,\N,0,,0,,0,,0,,0,,0,,0,,0,,0,,0,,0,,0,,0,,0,,0,,0,,0,,0,,0,
B9980000,4/13/10,9:25:00,Yes,0.1,18.6,,7.9,,7.7,,34377,,10,B2,0,\N,0,,16,,0,,0.01,U,0.4,,0.14,,0.04,,0,,0,,0,,0,,0,,0,,0,,0,,0,,0,,0,,0,
B9980000,4/13/10,9:25:00,Yes,2,18.3,,7.9,,7.7,,35430,,0,,0,\N,0,,0,,0,,0,,0,,0,,0,,0,,0,,0,,0,,0,,0,,0,,0,,0,,0,,0,,0,
B9980000,4/13/10,9:25:00,Yes,4,18.1,,8,,7.8,,36848,,0,,0,\N,0,,0,,0,,0,,0,,0,,0,,0,,0,,0,,0,,0,,0,,0,,0,,0,,0,,0,,0,
B9980000,5/13/10,10:55:00,Yes,0.1,23.1,,7.9,,7,,46526,,10,B1,0,\N,0,,27,,0,,0.01,U,0.4,,0.02,U,0.05,,0,,0,,0,,0,,0,,0,,0,,0,,0,,0,,0,,0,
B9980000,5/13/10,10:55:00,Yes,2,22.9,,7.8,,6.7,,46579,,0,,0,\N,0,,0,,0,,0,,0,,0,,0,,0,,0,,0,,0,,0,,0,,0,,0,,0,,0,,0,,0,
B9980000,5/13/10,10:55:00,Yes,4,22.9,,7.8,,6.7,,46700,,0,,0,\N,0,,0,,0,,0,,0,,0,,0,,0,,0,,0,,0,,0,,0,,0,,0,,0,,0,,0,,0,
B9980000,5/24/10,10:30:00,Yes,0.1,25.9,,7.7,,5.4,,46847,,0,,0,\N,0,,0,,0,,0,,0,,0,,0,,0,,0,,0,,0,,0,,0,,0,,0,,0,,0,,0,,0,
B9980000,6/7/10,11:00:00,Yes,0.1,28.9,,7.6,,5.8,,36047,,10,B1,0,\N,0,,17,,0,,0.04,,0.5,,0.04,,0.02,,0,,0,,0,,0,,0,,0,,0,,0,,0,,0,,0,,0,
B9980000,6/7/10,11:00:00,Yes,2,28.7,,7.6,,5.2,,36642,,0,,0,\N,0,,0,,0,,0,,0,,0,,0,,0,,0,,0,,0,,0,,0,,0,,0,,0,,0,,0,,0,
B9980000,6/7/10,11:00:00,Yes,3.7,27.6,,7.9,,5.2,,41153,,0,,0,\N,0,,0,,0,,0,,0,,0,,0,,0,,0,,0,,0,,0,,0,,0,,0,,0,,0,,0,,0,
B9980000,6/22/10,11:21:00,Yes,0.1,30.7,,7.7,,5.5,,46086,,0,,0,\N,0,,0,,0,,0,,0,,0,,0,,0,,0,,0,,0,,0,,0,,0,,0,,0,,0,,0,,0,
B9980000,7/6/10,11:35:00,Yes,0.1,29.2,,7.7,,5.9,,47299,,10,B2,0,\N,0,,18,,0,,0.01,U,0.3,,0.02,U,0.04,,0,,0,,0,,0,,0,,0,,0,,0,,0,,0,,0,,0,
B9980000,7/6/10,11:35:00,Yes,2,28.8,,7.7,,5.4,,47352,,0,,0,\N,0,,0,,0,,0,,0,,0,,0,,0,,0,,0,,0,,0,,0,,0,,0,,0,,0,,0,,0,
B9980000,7/6/10,11:35:00,Yes,3.9,28.8,,7.7,,5.1,,47384,,0,,0,\N,0,,0,,0,,0,,0,,0,,0,,0,,0,,0,,0,,0,,0,,0,,0,,0,,0,,0,,0,
B9980000,7/21/10,11:15:00,Yes,0.1,30.1,,7.8,,6.1,,51411,,0,,0,\N,0,,0,,0,,0,,0,,0,,0,,0,,0,,0,,0,,0,,0,,0,,0,,0,,0,,0,,0,
B9980000,8/3/10,11:15:00,Yes,0.1,29.6,,7.9,,5.9,,47061,,10,B2,0,\N,0,,14,,0,,0.01,U,0.5,,0.05,,0.04,,0,,0,,0,,0,,0,,0,,0,,0,,0,,0,,0,,0,
B9980000,8/3/10,11:15:00,Yes,2.2,29.1,,7.8,,5.3,,48970,,0,,0,\N,0,,0,,0,,0,,0,,0,,0,,0,,0,,0,,0,,0,,0,,0,,0,,0,,0,,0,,0,
B9980000,8/3/10,11:15:00,Yes,4.5,29.4,,7.7,,4.8,,50933,,0,,0,\N,0,,0,,0,,0,,0,,0,,0,,0,,0,,0,,0,,0,,0,,0,,0,,0,,0,,0,,0,
B9980000,8/17/10,10:30:00,Yes,0.1,30.8,,7.7,,5.2,,52986,,0,,0,\N,0,,0,,0,,0,,0,,0,,0,,0,,0,,0,,0,,0,,0,,0,,0,,0,,0,,0,,0,
B9980000,9/8/10,10:55:00,Yes,0.1,28.1,,7.9,,5.4,,50335,,10,B2,0,\N,0,,34,,0,,0.01,U,0.2,,0.05,,0.06,,0,,0,,0,,0,,0,,0,,0,,0,,0,,0,,0,,0,
B9980000,9/20/10,10:15:00,Yes,0.1,26.8,,7.7,,5.2,,52148,,0,,0,\N,0,,0,,0,,0,,0,,0,,0,,0,,0,,0,,0,,0,,0,,0,,0,,0,,0,,0,,0,
B9980000,11/17/10,12:20:00,Yes,0.1,16.6,,7.7,,7.7,,47589,,10,B1,0,\N,0,,12,,0,,0.01,U,0.2,U,0.04,,0.05,,0,,0,,0,,0,,0,,0,,0,,0,,0,,0,,0,,0,
B9980000,12/10/10,10:38:00,Yes,0.1,8.7,,8,,9.5,,46049,,28,,0,\N,0,,16,,0,,0.01,,0.4,,0.08,,0.05,,0,,0,,0,,0,,0,,0,,0,,0,,0,,0,,0,,0,
B9980000,1/19/11,11:00:00,Yes,0.1,7.1,,8,,10.6,,46092,,10,U,0,\N,0,,21,,0,,0.01,U,0.2,U,0.05,,0.06,,0,,0,,0,,0,,0,,0,,0,,0,,0,,0,,0,,0,
B9980000,2/1/11,11:35:00,Yes,0.1,8.6,,8,,10.2,,43902,,10,U,0,\N,0,,16.1,,0,,0.01,U,0.2,U,0.02,U,0.04,,0,,0,,0,,0,,0,,0,,0,,0,,0,,0,,0,,0,
B9980000,3/2/11,11:48:00,Yes,0.1,13.7,,7.8,,9,,43243,,10,,0,\N,0,,21,,0,,0.01,U,0.7,,0.02,,0.02,,0,,0,,0,,0,,0,,0,,0,,0,,0,,0,,0,,0,
B9980000,4/19/11,11:20:00,Yes,0.1,19.7,,8,,7.7,,40494,,10,,0,\N,0,,28,,0,,0.01,,0.5,,0.12,,0.04,,0,,0,,0,,0,,0,,0,,0,,0,,0,,0,,0,,0,
B9980000,5/3/11,11:25:00,Yes,0.1,23.1,,7.9,,6.7,,41537,,10,B2,0,\N,0,,20,,0,,0.01,,0.4,,0.07,,0.02,U,0,,0,,0,,0,,0,,0,,0,,0,,0,,0,,0,,0,
B9980000,5/18/11,10:45:00,Yes,0.1,22.5,,8,,6.8,,47571,,0,,0,\N,0,,0,,0,,0,,0,,0,,0,,0,,0,,0,,0,,0,,0,,0,,0,,0,,0,,0,,0,
B9980000,6/7/11,11:25:00,Yes,0.1,27.8,,8,,6.6,,48295,,10,B2,0,\N,0,,18,,0,,0.01,U,0.3,,0.02,U,0.02,U,0,,0,,0,,0,,0,,0,,0,,0,,0,,0,,0,,0,
B9980000,6/21/11,11:00:00,Yes,0.1,28.5,,8,,6.2,,52019,,0,,0,\N,0,,0,,0,,0,,0,,0,,0,,0,,0,,0,,0,,0,,0,,0,,0,,0,,0,,0,,0,